Classe;Km;Plein tarif;20%;25%;30%;35%;40%;50%;60%;70%;75%;80%;90%
2 nde;7;2.2;1.8;1.7000000000000002;1.6;1.5;1.4;1.2;1.2;1.2;1.2;1.2;1.2
2 nde;9;2.6;2.1;2.0;1.9;1.7000000000000002;1.6;1.3;1.2;1.2;1.2;1.2;1.2
2 nde;23;5.3;4.3;4.0;3.8;3.5;3.2;2.7;2.2;1.6;1.4;1.2;1.2
2 nde;24;5.5;4.4;4.2;3.9;3.6;3.3;2.8;2.2;1.7000000000000002;1.4;1.2;1.2
2 nde;76;14.2;11.4;10.7;10.0;9.3;8.6;7.1;5.7;4.3;3.6;2.9;1.5
2 nde;85;15.6;12.5;11.7;11.0;10.2;9.4;7.8;6.3;4.7;3.9;3.2;1.6
2 nde;163;27.6;22.1;20.7;19.4;18.0;16.6;13.8;11.1;8.3;6.9;5.6;2.8
2 nde;184;30.1;24.1;22.6;21.1;19.6;18.1;15.1;12.1;9.1;7.6;6.1;3.1
2 nde;247;37.7;30.2;28.3;26.4;24.5;22.7;18.9;15.1;11.4;9.5;7.6;3.8
2 nde;272;40.7;32.6;30.6;28.5;26.5;24.5;20.4;16.3;12.3;10.2;8.2;4.1
2 nde;279;41.5;33.2;31.2;29.1;27.0;24.9;20.8;16.6;12.5;10.4;8.3;4.2
2 nde;283;42.0;33.6;31.5;29.4;27.3;25.2;21.0;16.8;12.6;10.5;8.4;4.2
2 nde;287;42.5;34.0;31.9;29.8;27.7;25.5;21.3;17.0;12.8;10.7;8.5;4.3
2 nde;328;47.5;38.0;35.7;33.3;30.9;28.5;23.8;19.0;14.3;11.9;9.5;4.8
2 nde;343;49.0;39.2;36.8;34.3;31.9;29.4;24.5;19.6;14.7;12.3;9.8;4.9
2 nde;389;53.8;43.1;40.4;37.7;35.0;32.3;26.9;21.6;16.2;13.5;10.8;5.4
2 nde;423;57.3;45.9;43.0;40.2;37.3;34.4;28.7;23.0;17.2;14.4;11.5;5.8
2 nde;433;58.3;46.7;43.8;40.9;37.9;35.0;29.2;23.4;17.5;14.6;11.7;5.9
2 nde;436;58.6;46.9;44.0;41.1;38.1;35.2;29.3;23.5;17.6;14.7;11.8;5.9
2 nde;449;59.9;48.0;45.0;42.0;39.0;36.0;30.0;24.0;18.0;15.0;12.0;6.0
2 nde;457;60.8;48.7;45.6;42.6;39.6;36.5;30.4;24.4;18.3;15.2;12.2;6.1
2 nde;462;61.3;49.1;46.0;43.0;39.9;36.8;30.7;24.6;18.4;15.4;12.3;6.2
2 nde;469;62.0;49.6;46.5;43.4;40.3;37.2;31.0;24.8;18.6;15.5;12.4;6.2
2 nde;735;86.2;69.0;64.7;60.4;56.1;51.8;43.1;34.5;25.9;21.6;17.3;8.7
2 nde;930;102.5;82.0;76.9;71.8;66.7;61.5;51.3;41.0;30.8;25.7;20.5;10.3
2 nde;1260;127.4;102.0;95.6;89.2;82.9;76.5;63.7;51.0;38.3;31.9;25.5;12.8
1 ère;1;1.8;1.8;1.8;1.8;1.8;1.8;1.8;1.8;1.8;1.8;1.8;1.8
1 ère;7;3.2;2.6;2.4;2.3;2.1;2.0;1.8;1.8;1.8;1.8;1.8;1.8
1 ère;25;8.5;6.8;6.4;6.0;5.6;5.1;4.3;3.4;2.6;2.2;1.8;1.8
1 ère;50;15.1;12.1;11.4;10.6;9.9;9.1;7.6;6.1;4.6;3.8;3.1;1.8
1 ère;162;41.2;33.0;30.9;28.9;26.8;24.8;20.6;16.5;12.4;10.3;8.3;4.2
1 ère;171;42.8;34.3;32.1;30.0;27.9;25.7;21.4;17.2;12.9;10.7;8.6;4.3
1 ère;187;45.6;36.5;34.2;32.0;29.7;27.4;22.8;18.3;13.7;11.4;9.2;4.6
1 ère;207;49.2;39.4;36.9;34.5;32.0;29.6;24.6;19.7;14.8;12.3;9.9;5.0
1 ère;210;49.8;39.9;37.4;34.9;32.4;29.9;24.9;20.0;15.0;12.5;10.0;5.0
1 ère;284;63.2;50.6;47.4;44.3;41.1;38.0;31.6;25.3;19.0;15.8;12.7;6.4
1 ère;285;63.4;50.8;47.6;44.4;41.3;38.1;31.7;25.4;19.1;15.9;12.7;6.4
1 ère;308;68.1;54.5;51.1;47.7;44.3;40.9;34.1;27.3;20.5;17.1;13.7;6.9
1 ère;323;70.4;56.4;52.8;49.3;45.8;42.3;35.2;28.2;21.2;17.6;14.1;7.1
1 ère;376;78.6;62.9;59.0;55.1;51.1;47.2;39.3;31.5;23.6;19.7;15.8;7.9
1 ère;428;86.6;69.3;65.0;60.7;56.3;52.0;43.3;34.7;26.0;21.7;17.4;8.7
1 ère;434;87.6;70.1;65.7;61.4;57.0;52.6;43.8;35.1;26.3;21.9;17.6;8.8
1 ère;443;89.0;71.2;66.8;62.3;57.9;53.4;44.5;35.6;26.7;22.3;17.8;8.9
1 ère;456;91.0;72.8;68.3;63.7;59.2;54.6;45.5;36.4;27.3;22.8;18.2;9.1
1 ère;460;91.6;73.3;68.7;64.2;59.6;55.0;45.8;36.7;27.5;22.9;18.4;9.2
1 ère;580;107.9;86.4;81.0;75.6;70.2;64.8;54.0;43.2;32.4;27.0;21.6;10.8
1 ère;670;120.3;96.3;90.3;84.3;78.2;72.2;60.2;48.2;36.1;30.1;24.1;12.1
1 ère;760;132.7;106.2;99.6;92.9;86.3;79.7;66.4;53.1;39.9;33.2;26.6;13.3
1 ère;795;137.6;110.1;103.2;96.4;89.5;82.6;68.8;55.1;41.3;34.4;27.6;13.8
1 ère;805;139.6;111.7;104.7;97.8;90.8;83.8;69.8;55.9;41.9;34.9;28.0;14.0
1 ère;1100;173.0;138.4;129.8;121.1;112.5;103.8;86.5;69.2;51.9;43.3;34.6;17.3
2 nde;31;7.0;5.6;5.3;4.9;4.6;4.2;3.5;2.8;2.1;1.8;1.4;1.2
2 nde;55;10.9;8.8;8.2;7.7;7.1;6.6;5.5;4.4;3.3;2.8;2.2;1.2
2 nde;60;11.7;9.4;8.8;8.2;7.6;7.1;5.9;4.7;3.6;3.0;2.4;1.2
2 nde;70;13.4;10.8;10.1;9.4;8.8;8.1;6.7;5.4;4.1;3.4;2.7;1.4
2 nde;80;14.8;11.9;11.1;10.4;9.7;8.9;7.4;6.0;4.5;3.7;3.0;1.5
2 nde;180;29.6;23.7;22.2;20.8;19.3;17.8;14.8;11.9;8.9;7.4;6.0;3.0
2 nde;253;38.4;30.8;28.8;26.9;25.0;23.1;19.2;15.4;11.6;9.6;7.7;3.9
2 nde;266;40.0;32.0;30.0;28.0;26.0;24.0;20.0;16.0;12.0;10.0;8.0;4.0
2 nde;286;42.4;34.0;31.8;29.7;27.6;25.5;21.2;17.0;12.8;10.6;8.5;4.3
2 nde;301;44.7;35.8;33.6;31.3;29.1;26.9;22.4;17.9;13.5;11.2;9.0;4.5
2 nde;303;44.9;36.0;33.7;31.5;29.2;27.0;22.5;18.0;13.5;11.3;9.0;4.5
2 nde;318;46.4;37.2;34.8;32.5;30.2;27.9;23.2;18.6;14.0;11.6;9.3;4.7
2 nde;338;48.5;38.8;36.4;34.0;31.6;29.1;24.3;19.4;14.6;12.2;9.7;4.9
2 nde;347;49.4;39.6;37.1;34.6;32.2;29.7;24.7;19.8;14.9;12.4;9.9;5.0
2 nde;411;56.0;44.8;42.0;39.2;36.4;33.6;28.0;22.4;16.8;14.0;11.2;5.6
2 nde;417;56.6;45.3;42.5;39.7;36.8;34.0;28.3;22.7;17.0;14.2;11.4;5.7
2 nde;424;57.4;46.0;43.1;40.2;37.4;34.5;28.7;23.0;17.3;14.4;11.5;5.8
2 nde;448;59.8;47.9;44.9;41.9;38.9;35.9;29.9;24.0;18.0;15.0;12.0;6.0
2 nde;655;78.8;63.1;59.1;55.2;51.3;47.3;39.4;31.6;23.7;19.7;15.8;7.9
2 nde;715;84.3;67.5;63.3;59.1;54.8;50.6;42.2;33.8;25.3;21.1;16.9;8.5
2 nde;800;92.6;74.1;69.5;64.9;60.2;55.6;46.3;37.1;27.8;23.2;18.6;9.3
2 nde;860;97.2;77.8;72.9;68.1;63.2;58.4;48.6;38.9;29.2;24.3;19.5;9.8
2 nde;1050;111.5;89.2;83.7;78.1;72.5;66.9;55.8;44.6;33.5;27.9;22.3;11.2
2 nde;1190;122.1;97.7;91.6;85.5;79.4;73.3;61.1;48.9;36.7;30.6;24.5;12.3
1 ère;6;3.0;2.4;2.3;2.1;2.0;1.8;1.8;1.8;1.8;1.8;1.8;1.8
1 ère;22;7.6;6.1;5.7;5.4;5.0;4.6;3.8;3.1;2.3;1.9;1.8;1.8
1 ère;36;11.8;9.5;8.9;8.3;7.7;7.1;5.9;4.8;3.6;3.0;2.4;1.8
1 ère;41;13.0;10.4;9.8;9.1;8.5;7.8;6.5;5.2;3.9;3.3;2.6;1.8
1 ère;58;17.0;13.6;12.8;11.9;11.1;10.2;8.5;6.8;5.1;4.3;3.4;1.8
1 ère;61;17.8;14.3;13.4;12.5;11.6;10.7;8.9;7.2;5.4;4.5;3.6;1.8
1 ère;93;25.1;20.1;18.9;17.6;16.4;15.1;12.6;10.1;7.6;6.3;5.1;2.6
1 ère;116;31.0;24.8;23.3;21.7;20.2;18.6;15.5;12.4;9.3;7.8;6.2;3.1
1 ère;122;32.3;25.9;24.3;22.7;21.0;19.4;16.2;13.0;9.7;8.1;6.5;3.3
1 ère;132;34.4;27.6;25.8;24.1;22.4;20.7;17.2;13.8;10.4;8.6;6.9;3.5
1 ère;211;50.0;40.0;37.5;35.0;32.5;30.0;25.0;20.0;15.0;12.5;10.0;5.0
1 ère;230;53.4;42.8;40.1;37.4;34.8;32.1;26.7;21.4;16.1;13.4;10.7;5.4
1 ère;273;61.2;49.0;45.9;42.9;39.8;36.8;30.6;24.5;18.4;15.3;12.3;6.2
1 ère;316;69.3;55.5;52.0;48.6;45.1;41.6;34.7;27.8;20.8;17.4;13.9;7.0
1 ère;355;75.4;60.4;56.6;52.8;49.1;45.3;37.7;30.2;22.7;18.9;15.1;7.6
1 ère;386;80.2;64.2;60.2;56.2;52.2;48.2;40.1;32.1;24.1;20.1;16.1;8.1
1 ère;442;88.8;71.1;66.6;62.2;57.8;53.3;44.4;35.6;26.7;22.2;17.8;8.9
1 ère;488;95.9;76.8;72.0;67.2;62.4;57.6;48.0;38.4;28.8;24.0;19.2;9.6
1 ère;770;134.1;107.3;100.6;93.9;87.2;80.5;67.1;53.7;40.3;33.6;26.9;13.5
1 ère;810;140.1;112.1;105.1;98.1;91.1;84.1;70.1;56.1;42.1;35.1;28.1;14.1
1 ère;815;140.7;112.6;105.6;98.5;91.5;84.5;70.4;56.3;42.3;35.2;28.2;14.1
1 ère;835;143.0;114.4;107.3;100.1;93.0;85.8;71.5;57.2;42.9;35.8;28.6;14.3
1 ère;920;152.6;122.1;114.5;106.9;99.2;91.6;76.3;61.1;45.8;38.2;30.6;15.3
2 nde;5;1.8;1.5;1.4;1.3;1.2;1.2;1.2;1.2;1.2;1.2;1.2;1.2
2 nde;26;5.9;4.8;4.5;4.2;3.9;3.6;3.0;2.4;1.8;1.5;1.2;1.2
2 nde;71;13.5;10.8;10.2;9.5;8.8;8.1;6.8;5.4;4.1;3.4;2.7;1.4
2 nde;108;19.0;15.2;14.3;13.3;12.4;11.4;9.5;7.6;5.7;4.8;3.8;1.9
2 nde;128;22.4;18.0;16.8;15.7;14.6;13.5;11.2;9.0;6.8;5.6;4.5;2.3
2 nde;131;22.8;18.3;17.1;16.0;14.9;13.7;11.4;9.2;6.9;5.7;4.6;2.3
2 nde;185;30.2;24.2;22.7;21.2;19.7;18.2;15.1;12.1;9.1;7.6;6.1;3.1
2 nde;196;31.5;25.2;23.7;22.1;20.5;18.9;15.8;12.6;9.5;7.9;6.3;3.2
2 nde;204;32.5;26.0;24.4;22.8;21.2;19.5;16.3;13.0;9.8;8.2;6.5;3.3
2 nde;254;38.5;30.8;28.9;27.0;25.1;23.1;19.3;15.4;11.6;9.7;7.7;3.9
2 nde;259;39.1;31.3;29.4;27.4;25.5;23.5;19.6;15.7;11.8;9.8;7.9;4.0
2 nde;294;43.3;34.7;32.5;30.4;28.2;26.0;21.7;17.4;13.0;10.9;8.7;4.4
2 nde;295;43.5;34.8;32.7;30.5;28.3;26.1;21.8;17.4;13.1;10.9;8.7;4.4
2 nde;304;45.0;36.0;33.8;31.5;29.3;27.0;22.5;18.0;13.5;11.3;9.0;4.5
2 nde;308;45.4;36.4;34.1;31.8;29.6;27.3;22.7;18.2;13.7;11.4;9.1;4.6
2 nde;310;45.6;36.5;34.2;32.0;29.7;27.4;22.8;18.3;13.7;11.4;9.2;4.6
2 nde;325;47.2;37.8;35.4;33.1;30.7;28.4;23.6;18.9;14.2;11.8;9.5;4.8
2 nde;393;54.2;43.4;40.7;38.0;35.3;32.6;27.1;21.7;16.3;13.6;10.9;5.5
2 nde;476;62.7;50.2;47.1;43.9;40.8;37.7;31.4;25.1;18.9;15.7;12.6;6.3
2 nde;483;63.4;50.8;47.6;44.4;41.3;38.1;31.7;25.4;19.1;15.9;12.7;6.4
2 nde;730;85.7;68.6;64.3;60.0;55.7;51.5;42.9;34.3;25.8;21.5;17.2;8.6
2 nde;835;95.3;76.3;71.5;66.8;62.0;57.2;47.7;38.2;28.6;23.9;19.1;9.6
2 nde;890;99.4;79.6;74.6;69.6;64.7;59.7;49.7;39.8;29.9;24.9;19.9;10.0
2 nde;1010;108.5;86.8;81.4;76.0;70.6;65.1;54.3;43.4;32.6;27.2;21.7;10.9
2 nde;1120;116.8;93.5;87.6;81.8;76.0;70.1;58.4;46.8;35.1;29.2;23.4;11.7
1 ère;3;2.1;1.8;1.8;1.8;1.8;1.8;1.8;1.8;1.8;1.8;1.8;1.8
1 ère;19;6.6;5.3;5.0;4.7;4.3;4.0;3.3;2.7;2.0;1.8;1.8;1.8
1 ère;47;14.4;11.6;10.8;10.1;9.4;8.7;7.2;5.8;4.4;3.6;2.9;1.8
1 ère;80;22.2;17.8;16.7;15.6;14.5;13.4;11.1;8.9;6.7;5.6;4.5;2.3
1 ère;102;27.2;21.8;20.4;19.1;17.7;16.4;13.6;10.9;8.2;6.8;5.5;2.8
1 ère;107;28.3;22.7;21.3;19.9;18.4;17.0;14.2;11.4;8.5;7.1;5.7;2.9
1 ère;153;39.6;31.7;29.7;27.8;25.8;23.8;19.8;15.9;11.9;9.9;8.0;4.0
1 ère;164;41.5;33.2;31.2;29.1;27.0;24.9;20.8;16.6;12.5;10.4;8.3;4.2
1 ère;174;43.3;34.7;32.5;30.4;28.2;26.0;21.7;17.4;13.0;10.9;8.7;4.4
1 ère;188;45.8;36.7;34.4;32.1;29.8;27.5;22.9;18.4;13.8;11.5;9.2;4.6
1 ère;189;46.0;36.8;34.5;32.2;29.9;27.6;23.0;18.4;13.8;11.5;9.2;4.6
1 ère;234;54.1;43.3;40.6;37.9;35.2;32.5;27.1;21.7;16.3;13.6;10.9;5.5
1 ère;248;56.7;45.4;42.6;39.7;36.9;34.1;28.4;22.7;17.1;14.2;11.4;5.7
1 ère;300;66.1;52.9;49.6;46.3;43.0;39.7;33.1;26.5;19.9;16.6;13.3;6.7
1 ère;324;70.6;56.5;53.0;49.5;45.9;42.4;35.3;28.3;21.2;17.7;14.2;7.1
1 ère;325;70.7;56.6;53.1;49.5;46.0;42.5;35.4;28.3;21.3;17.7;14.2;7.1
1 ère;340;73.0;58.4;54.8;51.1;47.5;43.8;36.5;29.2;21.9;18.3;14.6;7.3
1 ère;380;79.2;63.4;59.4;55.5;51.5;47.6;39.6;31.7;23.8;19.8;15.9;8.0
1 ère;401;82.5;66.0;61.9;57.8;53.7;49.5;41.3;33.0;24.8;20.7;16.5;8.3
1 ère;402;82.6;66.1;62.0;57.9;53.7;49.6;41.3;33.1;24.8;20.7;16.6;8.3
1 ère;410;83.9;67.2;63.0;58.8;54.6;50.4;42.0;33.6;25.2;21.0;16.8;8.4
1 ère;421;85.6;68.5;64.2;60.0;55.7;51.4;42.8;34.3;25.7;21.4;17.2;8.6
1 ère;450;90.0;72.0;67.5;63.0;58.5;54.0;45.0;36.0;27.0;22.5;18.0;9.0
1 ère;478;94.4;75.6;70.8;66.1;61.4;56.7;47.2;37.8;28.4;23.6;18.9;9.5
1 ère;555;104.4;83.6;78.3;73.1;67.9;62.7;52.2;41.8;31.4;26.1;20.9;10.5
1 ère;765;133.4;106.8;100.1;93.4;86.8;80.1;66.7;53.4;40.1;33.4;26.7;13.4
1 ère;1200;184.3;147.5;138.3;129.1;119.8;110.6;92.2;73.8;55.3;46.1;36.9;18.5
2 nde;12;3.2;2.6;2.4;2.3;2.1;2.0;1.6;1.3;1.2;1.2;1.2;1.2
2 nde;66;12.8;10.3;9.6;9.0;8.4;7.7;6.4;5.2;3.9;3.2;2.6;1.3
2 nde;88;16.0;12.8;12.0;11.2;10.4;9.6;8.0;6.4;4.8;4.0;3.2;1.6
2 nde;102;18.1;14.5;13.6;12.7;11.8;10.9;9.1;7.3;5.5;4.6;3.7;1.9
2 nde;106;18.7;15.0;14.1;13.1;12.2;11.3;9.4;7.5;5.7;4.7;3.8;1.9
2 nde;110;19.8;15.9;14.9;13.9;12.9;11.9;9.9;8.0;6.0;5.0;4.0;2.0
2 nde;113;20.2;16.2;15.2;14.2;13.2;12.2;10.1;8.1;6.1;5.1;4.1;2.1
2 nde;115;20.5;16.4;15.4;14.4;13.4;12.3;10.3;8.2;6.2;5.2;4.1;2.1
2 nde;153;26.4;21.2;19.8;18.5;17.2;15.9;13.2;10.6;8.0;6.6;5.3;2.7
2 nde;155;26.6;21.3;20.0;18.7;17.3;16.0;13.3;10.7;8.0;6.7;5.4;2.7
2 nde;162;27.5;22.0;20.7;19.3;17.9;16.5;13.8;11.0;8.3;6.9;5.5;2.8
2 nde;171;28.5;22.8;21.4;20.0;18.6;17.1;14.3;11.4;8.6;7.2;5.7;2.9
2 nde;173;28.8;23.1;21.6;20.2;18.8;17.3;14.4;11.6;8.7;7.2;5.8;2.9
2 nde;245;37.4;30.0;28.1;26.2;24.4;22.5;18.7;15.0;11.3;9.4;7.5;3.8
2 nde;260;39.2;31.4;29.4;27.5;25.5;23.6;19.6;15.7;11.8;9.8;7.9;4.0
2 nde;291;43.0;34.4;32.3;30.1;28.0;25.8;21.5;17.2;12.9;10.8;8.6;4.3
2 nde;297;43.7;35.0;32.8;30.6;28.4;26.3;21.9;17.5;13.2;11.0;8.8;4.4
2 nde;376;52.4;42.0;39.3;36.7;34.1;31.5;26.2;21.0;15.8;13.1;10.5;5.3
2 nde;454;60.5;48.4;45.4;42.4;39.4;36.3;30.3;24.2;18.2;15.2;12.1;6.1
2 nde;465;61.6;49.3;46.2;43.2;40.1;37.0;30.8;24.7;18.5;15.4;12.4;6.2
2 nde;486;63.7;51.0;47.8;44.6;41.4;38.3;31.9;25.5;19.2;16.0;12.8;6.4
2 nde;497;64.9;52.0;48.7;45.5;42.2;39.0;32.5;26.0;19.5;16.3;13.0;6.5
2 nde;510;65.5;52.4;49.2;45.9;42.6;39.3;32.8;26.2;19.7;16.4;13.1;6.6
2 nde;720;84.8;67.9;63.6;59.4;55.2;50.9;42.4;34.0;25.5;21.2;17.0;8.5
2 nde;830;94.9;76.0;71.2;66.5;61.7;57.0;47.5;38.0;28.5;23.8;19.0;9.5
2 nde;1200;122.8;98.3;92.1;86.0;79.9;73.7;61.4;49.2;36.9;30.7;24.6;12.3
1 ère;30;10.2;8.2;7.7;7.2;6.7;6.2;5.1;4.1;3.1;2.6;2.1;1.8
1 ère;62;18.0;14.4;13.5;12.6;11.7;10.8;9.0;7.2;5.4;4.5;3.6;1.8
1 ère;72;20.5;16.4;15.4;14.4;13.4;12.3;10.3;8.2;6.2;5.2;4.1;2.1
1 ère;74;20.9;16.8;15.7;14.7;13.6;12.6;10.5;8.4;6.3;5.3;4.2;2.1
1 ère;88;24.0;19.2;18.0;16.8;15.6;14.4;12.0;9.6;7.2;6.0;4.8;2.4
1 ère;91;24.7;19.8;18.6;17.3;16.1;14.9;12.4;9.9;7.5;6.2;5.0;2.5
1 ère;126;33.1;26.5;24.9;23.2;21.6;19.9;16.6;13.3;10.0;8.3;6.7;3.4
1 ère;144;37.0;29.6;27.8;25.9;24.1;22.2;18.5;14.8;11.1;9.3;7.4;3.7
1 ère;150;39.0;31.2;29.3;27.3;25.4;23.4;19.5;15.6;11.7;9.8;7.8;3.9
1 ère;223;52.1;41.7;39.1;36.5;33.9;31.3;26.1;20.9;15.7;13.1;10.5;5.3
1 ère;240;55.2;44.2;41.4;38.7;35.9;33.2;27.6;22.1;16.6;13.8;11.1;5.6
1 ère;258;58.5;46.8;43.9;41.0;38.1;35.1;29.3;23.4;17.6;14.7;11.7;5.9
1 ère;261;59.0;47.2;44.3;41.3;38.4;35.4;29.5;23.6;17.7;14.8;11.8;5.9
1 ère;337;72.6;58.1;54.5;50.9;47.2;43.6;36.3;29.1;21.8;18.2;14.6;7.3
1 ère;363;76.6;61.3;57.5;53.7;49.8;46.0;38.3;30.7;23.0;19.2;15.4;7.7
1 ère;372;78.0;62.4;58.5;54.6;50.7;46.8;39.0;31.2;23.4;19.5;15.6;7.8
1 ère;422;85.7;68.6;64.3;60.0;55.7;51.5;42.9;34.3;25.8;21.5;17.2;8.6
1 ère;492;96.5;77.2;72.4;67.6;62.8;57.9;48.3;38.6;29.0;24.2;19.3;9.7
1 ère;710;125.8;100.7;94.4;88.1;81.8;75.5;62.9;50.4;37.8;31.5;25.2;12.6
1 ère;860;145.8;116.7;109.4;102.1;94.8;87.5;72.9;58.4;43.8;36.5;29.2;14.6
2 nde;47;9.6;7.7;7.2;6.8;6.3;5.8;4.8;3.9;2.9;2.4;2.0;1.2
2 nde;97;17.4;14.0;13.1;12.2;11.4;10.5;8.7;7.0;5.3;4.4;3.5;1.8
2 nde;104;18.4;14.8;13.8;12.9;12.0;11.1;9.2;7.4;5.6;4.6;3.7;1.9
2 nde;122;21.5;17.2;16.2;15.1;14.0;12.9;10.8;8.6;6.5;5.4;4.3;2.2
2 nde;152;26.3;21.1;19.8;18.5;17.1;15.8;13.2;10.6;7.9;6.6;5.3;2.7
2 nde;183;30.0;24.0;22.5;21.0;19.5;18.0;15.0;12.0;9.0;7.5;6.0;3.0
2 nde;189;30.7;24.6;23.1;21.5;20.0;18.5;15.4;12.3;9.3;7.7;6.2;3.1
2 nde;262;39.5;31.6;29.7;27.7;25.7;23.7;19.8;15.8;11.9;9.9;7.9;4.0
2 nde;270;40.4;32.4;30.3;28.3;26.3;24.3;20.2;16.2;12.2;10.1;8.1;4.1
2 nde;340;48.7;39.0;36.6;34.1;31.7;29.3;24.4;19.5;14.7;12.2;9.8;4.9
2 nde;349;49.6;39.7;37.2;34.8;32.3;29.8;24.8;19.9;14.9;12.4;10.0;5.0
2 nde;381;52.9;42.4;39.7;37.1;34.4;31.8;26.5;21.2;15.9;13.3;10.6;5.3
2 nde;385;53.3;42.7;40.0;37.4;34.7;32.0;26.7;21.4;16.0;13.4;10.7;5.4
2 nde;397;54.6;43.7;41.0;38.3;35.5;32.8;27.3;21.9;16.4;13.7;11.0;5.5
2 nde;401;55.0;44.0;41.3;38.5;35.8;33.0;27.5;22.0;16.5;13.8;11.0;5.5
2 nde;419;56.8;45.5;42.6;39.8;37.0;34.1;28.4;22.8;17.1;14.2;11.4;5.7
2 nde;585;72.4;58.0;54.3;50.7;47.1;43.5;36.2;29.0;21.8;18.1;14.5;7.3
2 nde;660;79.3;63.5;59.5;55.6;51.6;47.6;39.7;31.8;23.8;19.9;15.9;8.0
2 nde;690;82.0;65.6;61.5;57.4;53.3;49.2;41.0;32.8;24.6;20.5;16.4;8.2
2 nde;765;88.9;71.2;66.7;62.3;57.8;53.4;44.5;35.6;26.7;22.3;17.8;8.9
2 nde;795;91.7;73.4;68.8;64.2;59.6;55.1;45.9;36.7;27.6;23.0;18.4;9.2
2 nde;1080;113.8;91.1;85.4;79.7;74.0;68.3;56.9;45.6;34.2;28.5;22.8;11.4
2 nde;1180;121.3;97.1;91.0;85.0;78.9;72.8;60.7;48.6;36.4;30.4;24.3;12.2
1 ère;15;5.6;4.5;4.2;4.0;3.7;3.4;2.8;2.3;1.8;1.8;1.8;1.8
1 ère;21;7.2;5.8;5.4;5.1;4.7;4.4;3.6;2.9;2.2;1.8;1.8;1.8
1 ère;52;15.6;12.5;11.7;11.0;10.2;9.4;7.8;6.3;4.7;3.9;3.2;1.8
1 ère;54;16.1;12.9;12.1;11.3;10.5;9.7;8.1;6.5;4.9;4.1;3.3;1.8
1 ère;121;32.0;25.6;24.0;22.4;20.8;19.2;16.0;12.8;9.6;8.0;6.4;3.2
1 ère;157;40.3;32.3;30.3;28.3;26.2;24.2;20.2;16.2;12.1;10.1;8.1;4.1
1 ère;160;40.8;32.7;30.6;28.6;26.6;24.5;20.4;16.4;12.3;10.2;8.2;4.1
1 ère;170;42.6;34.1;32.0;29.9;27.7;25.6;21.3;17.1;12.8;10.7;8.6;4.3
1 ère;194;46.9;37.6;35.2;32.9;30.5;28.2;23.5;18.8;14.1;11.8;9.4;4.7
1 ère;216;50.9;40.8;38.2;35.7;33.1;30.6;25.5;20.4;15.3;12.8;10.2;5.1
1 ère;244;55.9;44.8;42.0;39.2;36.4;33.6;28.0;22.4;16.8;14.0;11.2;5.6
1 ère;370;77.7;62.2;58.3;54.4;50.5;46.7;38.9;31.1;23.4;19.5;15.6;7.8
1 ère;378;78.9;63.2;59.2;55.3;51.3;47.4;39.5;31.6;23.7;19.8;15.8;7.9
1 ère;394;81.4;65.2;61.1;57.0;53.0;48.9;40.7;32.6;24.5;20.4;16.3;8.2
1 ère;505;97.5;78.0;73.2;68.3;63.4;58.5;48.8;39.0;29.3;24.4;19.5;9.8
1 ère;720;127.2;101.8;95.4;89.1;82.7;76.4;63.6;50.9;38.2;31.8;25.5;12.8
1 ère;750;131.4;105.2;98.6;92.0;85.5;78.9;65.7;52.6;39.5;32.9;26.3;13.2
1 ère;775;134.8;107.9;101.1;94.4;87.7;80.9;67.4;54.0;40.5;33.7;27.0;13.5
1 ère;820;141.3;113.1;106.0;99.0;91.9;84.8;70.7;56.6;42.4;35.4;28.3;14.2
1 ère;875;147.5;118.0;110.7;103.3;95.9;88.5;73.8;59.0;44.3;36.9;29.5;14.8
1 ère;960;157.1;125.7;117.9;110.0;102.2;94.3;78.6;62.9;47.2;39.3;31.5;15.8
1 ère;1070;169.6;135.7;127.2;118.8;110.3;101.8;84.8;67.9;50.9;42.4;34.0;17.0
2 nde;18;4.2;3.4;3.2;3.0;2.8;2.6;2.1;1.7000000000000002;1.3;1.2;1.2;1.2
2 nde;20;4.6;3.7;3.5;3.3;3.0;2.8;2.3;1.9;1.4;1.2;1.2;1.2
2 nde;28;6.4;5.2;4.8;4.5;4.2;3.9;3.2;2.6;2.0;1.6;1.3;1.2
2 nde;44;9.1;7.3;6.9;6.4;6.0;5.5;4.6;3.7;2.8;2.3;1.9;1.2
2 nde;57;11.2;9.0;8.4;7.9;7.3;6.8;5.6;4.5;3.4;2.8;2.3;1.2
2 nde;58;11.4;9.2;8.6;8.0;7.5;6.9;5.7;4.6;3.5;2.9;2.3;1.2
2 nde;59;11.5;9.2;8.7;8.1;7.5;6.9;5.8;4.6;3.5;2.9;2.3;1.2
2 nde;77;14.4;11.6;10.8;10.1;9.4;8.7;7.2;5.8;4.4;3.6;2.9;1.5
2 nde;129;22.5;18.0;16.9;15.8;14.7;13.5;11.3;9.0;6.8;5.7;4.5;2.3
2 nde;141;24.2;19.4;18.2;17.0;15.8;14.6;12.1;9.7;7.3;6.1;4.9;2.5
2 nde;159;27.1;21.7;20.4;19.0;17.7;16.3;13.6;10.9;8.2;6.8;5.5;2.8
2 nde;232;35.8;28.7;26.9;25.1;23.3;21.5;17.9;14.4;10.8;9.0;7.2;3.6
2 nde;248;37.8;30.3;28.4;26.5;24.6;22.7;18.9;15.2;11.4;9.5;7.6;3.8
2 nde;288;42.6;34.1;32.0;29.9;27.7;25.6;21.3;17.1;12.8;10.7;8.6;4.3
2 nde;312;45.8;36.7;34.4;32.1;29.8;27.5;22.9;18.4;13.8;11.5;9.2;4.6
2 nde;322;46.9;37.6;35.2;32.9;30.5;28.2;23.5;18.8;14.1;11.8;9.4;4.7
2 nde;378;52.6;42.1;39.5;36.9;34.2;31.6;26.3;21.1;15.8;13.2;10.6;5.3
2 nde;414;56.3;45.1;42.3;39.5;36.6;33.8;28.2;22.6;16.9;14.1;11.3;5.7
2 nde;427;57.7;46.2;43.3;40.4;37.5;34.7;28.9;23.1;17.4;14.5;11.6;5.8
2 nde;434;58.4;46.8;43.8;40.9;38.0;35.1;29.2;23.4;17.6;14.6;11.7;5.9
2 nde;479;63.0;50.4;47.3;44.1;41.0;37.8;31.5;25.2;18.9;15.8;12.6;6.3
2 nde;482;63.3;50.7;47.5;44.4;41.2;38.0;31.7;25.4;19.0;15.9;12.7;6.4
2 nde;530;67.3;53.9;50.5;47.2;43.8;40.4;33.7;27.0;20.2;16.9;13.5;6.8
2 nde;570;71.0;56.8;53.3;49.7;46.2;42.6;35.5;28.4;21.3;17.8;14.2;7.1
2 nde;665;79.7;63.8;59.8;55.8;51.8;47.9;39.9;31.9;24.0;20.0;16.0;8.0
2 nde;710;83.9;67.2;63.0;58.8;54.6;50.4;42.0;33.6;25.2;21.0;16.8;8.4
2 nde;750;87.6;70.1;65.7;61.4;57.0;52.6;43.8;35.1;26.3;21.9;17.6;8.8
2 nde;825;94.5;75.6;70.9;66.2;61.5;56.7;47.3;37.8;28.4;23.7;18.9;9.5
2 nde;885;99.1;79.3;74.4;69.4;64.5;59.5;49.6;39.7;29.8;24.8;19.9;10.0
2 nde;900;100.2;80.2;75.2;70.2;65.2;60.2;50.1;40.1;30.1;25.1;20.1;10.1
2 nde;1100;115.3;92.3;86.5;80.8;75.0;69.2;57.7;46.2;34.6;28.9;23.1;11.6
2 nde;1160;119.8;95.9;89.9;83.9;77.9;71.9;59.9;48.0;36.0;30.0;24.0;12.0
1 ère;2;1.8;1.8;1.8;1.8;1.8;1.8;1.8;1.8;1.8;1.8;1.8;1.8
1 ère;26;8.9;7.2;6.7;6.3;5.8;5.4;4.5;3.6;2.7;2.3;1.8;1.8
1 ère;115;30.8;24.7;23.1;21.6;20.1;18.5;15.4;12.4;9.3;7.7;6.2;3.1
1 ère;124;32.7;26.2;24.6;22.9;21.3;19.7;16.4;13.1;9.9;8.2;6.6;3.3
1 ère;209;49.6;39.7;37.2;34.8;32.3;29.8;24.8;19.9;14.9;12.4;10.0;5.0
1 ère;218;51.2;41.0;38.4;35.9;33.3;30.8;25.6;20.5;15.4;12.8;10.3;5.2
1 ère;280;62.5;50.0;46.9;43.8;40.7;37.5;31.3;25.0;18.8;15.7;12.5;6.3
1 ère;296;65.4;52.4;49.1;45.8;42.6;39.3;32.7;26.2;19.7;16.4;13.1;6.6
1 ère;318;69.6;55.7;52.2;48.8;45.3;41.8;34.8;27.9;20.9;17.4;14.0;7.0
1 ère;351;74.7;59.8;56.1;52.3;48.6;44.9;37.4;29.9;22.5;18.7;15.0;7.5
1 ère;389;80.6;64.5;60.5;56.5;52.4;48.4;40.3;32.3;24.2;20.2;16.2;8.1
1 ère;396;81.7;65.4;61.3;57.2;53.1;49.1;40.9;32.7;24.6;20.5;16.4;8.2
1 ère;412;84.2;67.4;63.2;59.0;54.8;50.6;42.1;33.7;25.3;21.1;16.9;8.5
1 ère;444;89.1;71.3;66.9;62.4;58.0;53.5;44.6;35.7;26.8;22.3;17.9;9.0
1 ère;453;90.5;72.4;67.9;63.4;58.9;54.3;45.3;36.2;27.2;22.7;18.1;9.1
1 ère;472;93.4;74.8;70.1;65.4;60.8;56.1;46.7;37.4;28.1;23.4;18.7;9.4
1 ère;497;97.3;77.9;73.0;68.2;63.3;58.4;48.7;39.0;29.2;24.4;19.5;9.8
1 ère;498;97.5;78.0;73.2;68.3;63.4;58.5;48.8;39.0;29.3;24.4;19.5;9.8
1 ère;660;118.9;95.2;89.2;83.3;77.3;71.4;59.5;47.6;35.7;29.8;23.8;11.9
1 ère;880;148.1;118.5;111.1;103.7;96.3;88.9;74.1;59.3;44.5;37.1;29.7;14.9
1 ère;1010;162.8;130.3;122.1;114.0;105.9;97.7;81.4;65.2;48.9;40.7;32.6;16.3
1 ère;1110;174.1;139.3;130.6;121.9;113.2;104.5;87.1;69.7;52.3;43.6;34.9;17.5
1 ère;1300;195.6;156.5;146.7;137.0;127.2;117.4;97.8;78.3;58.7;48.9;39.2;19.6
2 nde;3;1.4;1.2;1.2;1.2;1.2;1.2;1.2;1.2;1.2;1.2;1.2;1.2
2 nde;35;7.7;6.2;5.8;5.4;5.0;4.7;3.9;3.1;2.4;2.0;1.6;1.2
2 nde;53;10.6;8.5;8.0;7.5;6.9;6.4;5.3;4.3;3.2;2.7;2.2;1.2
2 nde;96;17.2;13.8;12.9;12.1;11.2;10.4;8.6;6.9;5.2;4.3;3.5;1.8
2 nde;100;17.8;14.3;13.4;12.5;11.6;10.7;8.9;7.2;5.4;4.5;3.6;1.8
2 nde;137;23.6;18.9;17.7;16.6;15.4;14.2;11.8;9.5;7.1;5.9;4.8;2.4
2 nde;138;23.8;19.1;17.9;16.7;15.5;14.3;11.9;9.6;7.2;6.0;4.8;2.4
2 nde;145;24.8;19.9;18.6;17.4;16.2;14.9;12.4;10.0;7.5;6.2;5.0;2.5
2 nde;158;27.0;21.6;20.3;18.9;17.6;16.2;13.5;10.8;8.1;6.8;5.4;2.7
2 nde;160;27.2;21.8;20.4;19.1;17.7;16.4;13.6;10.9;8.2;6.8;5.5;2.8
2 nde;164;27.7;22.2;20.8;19.4;18.0;16.7;13.9;11.1;8.4;7.0;5.6;2.8
2 nde;190;30.8;24.7;23.1;21.6;20.1;18.5;15.4;12.4;9.3;7.7;6.2;3.1
2 nde;211;33.3;26.7;25.0;23.4;21.7;20.0;16.7;13.4;10.0;8.4;6.7;3.4
2 nde;298;43.8;35.1;32.9;30.7;28.5;26.3;21.9;17.6;13.2;11.0;8.8;4.4
2 nde;339;48.6;38.9;36.5;34.1;31.6;29.2;24.3;19.5;14.6;12.2;9.8;4.9
2 nde;346;49.3;39.5;37.0;34.6;32.1;29.6;24.7;19.8;14.8;12.4;9.9;5.0
2 nde;369;51.7;41.4;38.8;36.2;33.6;31.1;25.9;20.7;15.6;13.0;10.4;5.2
2 nde;422;57.2;45.8;42.9;40.1;37.2;34.4;28.6;22.9;17.2;14.3;11.5;5.8
2 nde;428;57.8;46.3;43.4;40.5;37.6;34.7;28.9;23.2;17.4;14.5;11.6;5.8
2 nde;442;59.2;47.4;44.4;41.5;38.5;35.6;29.6;23.7;17.8;14.8;11.9;6.0
2 nde;447;59.7;47.8;44.8;41.8;38.8;35.9;29.9;23.9;18.0;15.0;12.0;6.0
2 nde;540;68.2;54.6;51.2;47.8;44.4;41.0;34.1;27.3;20.5;17.1;13.7;6.9
2 nde;785;90.8;72.7;68.1;63.6;59.1;54.5;45.4;36.4;27.3;22.7;18.2;9.1
2 nde;950;104.0;83.2;78.0;72.8;67.6;62.4;52.0;41.6;31.2;26.0;20.8;10.4
2 nde;955;104.3;83.5;78.3;73.1;67.8;62.6;52.2;41.8;31.3;26.1;20.9;10.5
2 nde;995;107.4;86.0;80.6;75.2;69.9;64.5;53.7;43.0;32.3;26.9;21.5;10.8
2 nde;1170;120.6;96.5;90.5;84.5;78.4;72.4;60.3;48.3;36.2;30.2;24.2;12.1
1 ère;11;4.4;3.6;3.3;3.1;2.9;2.7;2.2;1.8;1.8;1.8;1.8;1.8
1 ère;13;5.0;4.0;3.8;3.5;3.3;3.0;2.5;2.0;1.8;1.8;1.8;1.8
1 ère;33;11.1;8.9;8.4;7.8;7.3;6.7;5.6;4.5;3.4;2.8;2.3;1.8
1 ère;48;14.6;11.7;11.0;10.3;9.5;8.8;7.3;5.9;4.4;3.7;3.0;1.8
1 ère;53;15.8;12.7;11.9;11.1;10.3;9.5;7.9;6.4;4.8;4.0;3.2;1.8
1 ère;75;21.1;16.9;15.9;14.8;13.8;12.7;10.6;8.5;6.4;5.3;4.3;2.2
1 ère;168;42.2;33.8;31.7;29.6;27.5;25.4;21.1;16.9;12.7;10.6;8.5;4.3
1 ère;220;51.6;41.3;38.7;36.2;33.6;31.0;25.8;20.7;15.5;12.9;10.4;5.2
1 ère;278;62.1;49.7;46.6;43.5;40.4;37.3;31.1;24.9;18.7;15.6;12.5;6.3
1 ère;283;63.0;50.4;47.3;44.1;41.0;37.8;31.5;25.2;18.9;15.8;12.6;6.3
1 ère;311;68.6;54.9;51.5;48.1;44.6;41.2;34.3;27.5;20.6;17.2;13.8;6.9
1 ère;365;76.9;61.6;57.7;53.9;50.0;46.2;38.5;30.8;23.1;19.3;15.4;7.7
1 ère;367;77.2;61.8;57.9;54.1;50.2;46.4;38.6;30.9;23.2;19.3;15.5;7.8
1 ère;388;80.5;64.4;60.4;56.4;52.4;48.3;40.3;32.2;24.2;20.2;16.1;8.1
1 ère;400;82.3;65.9;61.8;57.7;53.5;49.4;41.2;33.0;24.7;20.6;16.5;8.3
1 ère;411;84.0;67.2;63.0;58.8;54.6;50.4;42.0;33.6;25.2;21.0;16.8;8.4
1 ère;425;86.2;69.0;64.7;60.4;56.1;51.8;43.1;34.5;25.9;21.6;17.3;8.7
1 ère;439;88.3;70.7;66.3;61.9;57.4;53.0;44.2;35.4;26.5;22.1;17.7;8.9
1 ère;470;93.1;74.5;69.9;65.2;60.6;55.9;46.6;37.3;28.0;23.3;18.7;9.4
1 ère;486;95.6;76.5;71.7;67.0;62.2;57.4;47.8;38.3;28.7;23.9;19.2;9.6
1 ère;487;95.8;76.7;71.9;67.1;62.3;57.5;47.9;38.4;28.8;24.0;19.2;9.6
1 ère;605;111.3;89.1;83.5;78.0;72.4;66.8;55.7;44.6;33.4;27.9;22.3;11.2
1 ère;1190;183.2;146.6;137.4;128.3;119.1;110.0;91.6;73.3;55.0;45.8;36.7;18.4
2 nde;17;4.0;3.2;3.0;2.8;2.6;2.4;2.0;1.6;1.2;1.2;1.2;1.2
2 nde;37;8.0;6.4;6.0;5.6;5.2;4.8;4.0;3.2;2.4;2.0;1.6;1.2
2 nde;54;10.7;8.6;8.1;7.5;7.0;6.5;5.4;4.3;3.3;2.7;2.2;1.2
2 nde;61;11.9;9.6;9.0;8.4;7.8;7.2;6.0;4.8;3.6;3.0;2.4;1.2
2 nde;79;14.7;11.8;11.1;10.3;9.6;8.9;7.4;5.9;4.5;3.7;3.0;1.5
2 nde;94;16.9;13.6;12.7;11.9;11.0;10.2;8.5;6.8;5.1;4.3;3.4;1.7000000000000002
2 nde;117;20.8;16.7;15.6;14.6;13.6;12.5;10.4;8.4;6.3;5.2;4.2;2.1
2 nde;133;23.1;18.5;17.4;16.2;15.1;13.9;11.6;9.3;7.0;5.8;4.7;2.4
2 nde;175;29.0;23.2;21.8;20.3;18.9;17.4;14.5;11.6;8.7;7.3;5.8;2.9
2 nde;203;32.3;25.9;24.3;22.7;21.0;19.4;16.2;13.0;9.7;8.1;6.5;3.3
2 nde;214;33.7;27.0;25.3;23.6;21.9;20.3;16.9;13.5;10.2;8.5;6.8;3.4
2 nde;228;35.4;28.4;26.6;24.8;23.1;21.3;17.7;14.2;10.7;8.9;7.1;3.6
2 nde;235;36.2;29.0;27.2;25.4;23.6;21.8;18.1;14.5;10.9;9.1;7.3;3.7
2 nde;240;36.8;29.5;27.6;25.8;24.0;22.1;18.4;14.8;11.1;9.2;7.4;3.7
2 nde;281;41.8;33.5;31.4;29.3;27.2;25.1;20.9;16.8;12.6;10.5;8.4;4.2
2 nde;289;42.7;34.2;32.1;29.9;27.8;25.7;21.4;17.1;12.9;10.7;8.6;4.3
2 nde;321;46.8;37.5;35.1;32.8;30.5;28.1;23.4;18.8;14.1;11.7;9.4;4.7
2 nde;342;48.9;39.2;36.7;34.3;31.8;29.4;24.5;19.6;14.7;12.3;9.8;4.9
2 nde;351;49.8;39.9;37.4;34.9;32.4;29.9;24.9;20.0;15.0;12.5;10.0;5.0
2 nde;366;51.4;41.2;38.6;36.0;33.5;30.9;25.7;20.6;15.5;12.9;10.3;5.2
2 nde;371;51.9;41.6;39.0;36.4;33.8;31.2;26.0;20.8;15.6;13.0;10.4;5.2
2 nde;373;52.1;41.7;39.1;36.5;33.9;31.3;26.1;20.9;15.7;13.1;10.5;5.3
2 nde;392;54.1;43.3;40.6;37.9;35.2;32.5;27.1;21.7;16.3;13.6;10.9;5.5
2 nde;481;63.2;50.6;47.4;44.3;41.1;38.0;31.6;25.3;19.0;15.8;12.7;6.4
2 nde;488;64.0;51.2;48.0;44.8;41.6;38.4;32.0;25.6;19.2;16.0;12.8;6.4
2 nde;650;78.3;62.7;58.8;54.9;50.9;47.0;39.2;31.4;23.5;19.6;15.7;7.9
2 nde;805;93.0;74.4;69.8;65.1;60.5;55.8;46.5;37.2;27.9;23.3;18.6;9.3
2 nde;935;102.8;82.3;77.1;72.0;66.9;61.7;51.4;41.2;30.9;25.7;20.6;10.3
2 nde;1140;118.3;94.7;88.8;82.9;76.9;71.0;59.2;47.4;35.5;29.6;23.7;11.9
2 nde;1280;128.9;103.2;96.7;90.3;83.8;77.4;64.5;51.6;38.7;32.3;25.8;12.9
1 ère;59;17.3;13.9;13.0;12.2;11.3;10.4;8.7;7.0;5.2;4.4;3.5;1.8
1 ère;71;20.2;16.2;15.2;14.2;13.2;12.2;10.1;8.1;6.1;5.1;4.1;2.1
1 ère;137;35.5;28.4;26.7;24.9;23.1;21.3;17.8;14.2;10.7;8.9;7.1;3.6
1 ère;147;37.6;30.1;28.2;26.4;24.5;22.6;18.8;15.1;11.3;9.4;7.6;3.8
1 ère;155;39.9;32.0;30.0;28.0;26.0;24.0;20.0;16.0;12.0;10.0;8.0;4.0
1 ère;190;46.2;37.0;34.7;32.4;30.1;27.8;23.1;18.5;13.9;11.6;9.3;4.7
1 ère;219;51.4;41.2;38.6;36.0;33.5;30.9;25.7;20.6;15.5;12.9;10.3;5.2
1 ère;260;58.8;47.1;44.1;41.2;38.3;35.3;29.4;23.6;17.7;14.7;11.8;5.9
1 ère;288;63.9;51.2;48.0;44.8;41.6;38.4;32.0;25.6;19.2;16.0;12.8;6.4
1 ère;297;65.6;52.5;49.2;46.0;42.7;39.4;32.8;26.3;19.7;16.4;13.2;6.6
1 ère;359;76.0;60.8;57.0;53.2;49.4;45.6;38.0;30.4;22.8;19.0;15.2;7.6
1 ère;375;78.5;62.8;58.9;55.0;51.1;47.1;39.3;31.4;23.6;19.7;15.7;7.9
1 ère;464;92.2;73.8;69.2;64.6;60.0;55.4;46.1;36.9;27.7;23.1;18.5;9.3
1 ère;630;114.8;91.9;86.1;80.4;74.7;68.9;57.4;46.0;34.5;28.7;23.0;11.5
1 ère;700;124.4;99.6;93.3;87.1;80.9;74.7;62.2;49.8;37.4;31.1;24.9;12.5
1 ère;800;139.0;111.2;104.3;97.3;90.4;83.4;69.5;55.6;41.7;34.8;27.8;13.9
1 ère;1000;161.6;129.3;121.2;113.2;105.1;97.0;80.8;64.7;48.5;40.4;32.4;16.2
1 ère;1210;185.4;148.4;139.1;129.8;120.6;111.3;92.7;74.2;55.7;46.4;37.1;18.6
2 nde;38;8.2;6.6;6.2;5.8;5.4;5.0;4.1;3.3;2.5;2.1;1.7000000000000002;1.2
2 nde;39;8.3;6.7;6.3;5.9;5.4;5.0;4.2;3.4;2.5;2.1;1.7000000000000002;1.2
2 nde;40;8.5;6.8;6.4;6.0;5.6;5.1;4.3;3.4;2.6;2.2;1.7000000000000002;1.2
2 nde;62;12.0;9.6;9.0;8.4;7.8;7.2;6.0;4.8;3.6;3.0;2.4;1.2
2 nde;91;16.5;13.2;12.4;11.6;10.8;9.9;8.3;6.6;5.0;4.2;3.3;1.7000000000000002
2 nde;156;26.7;21.4;20.1;18.7;17.4;16.1;13.4;10.7;8.1;6.7;5.4;2.7
2 nde;197;31.6;25.3;23.7;22.2;20.6;19.0;15.8;12.7;9.5;7.9;6.4;3.2
2 nde;250;38.0;30.4;28.5;26.6;24.7;22.8;19.0;15.2;11.4;9.5;7.6;3.8
2 nde;276;41.2;33.0;30.9;28.9;26.8;24.8;20.6;16.5;12.4;10.3;8.3;4.2
2 nde;293;43.2;34.6;32.4;30.3;28.1;26.0;21.6;17.3;13.0;10.8;8.7;4.4
2 nde;350;49.7;39.8;37.3;34.8;32.3;29.9;24.9;19.9;15.0;12.5;10.0;5.0
2 nde;368;51.6;41.3;38.7;36.2;33.6;31.0;25.8;20.7;15.5;12.9;10.4;5.2
2 nde;431;58.1;46.5;43.6;40.7;37.8;34.9;29.1;23.3;17.5;14.6;11.7;5.9
2 nde;459;61.0;48.8;45.8;42.7;39.7;36.6;30.5;24.4;18.3;15.3;12.2;6.1
2 nde;468;61.9;49.6;46.5;43.4;40.3;37.2;31.0;24.8;18.6;15.5;12.4;6.2
2 nde;505;65.0;52.0;48.8;45.5;42.3;39.0;32.5;26.0;19.5;16.3;13.0;6.5
2 nde;535;67.8;54.3;50.9;47.5;44.1;40.7;33.9;27.2;20.4;17.0;13.6;6.8
2 nde;545;68.7;55.0;51.6;48.1;44.7;41.3;34.4;27.5;20.7;17.2;13.8;6.9
2 nde;575;71.4;57.2;53.6;50.0;46.5;42.9;35.7;28.6;21.5;17.9;14.3;7.2
2 nde;910;100.9;80.8;75.7;70.7;65.6;60.6;50.5;40.4;30.3;25.3;20.2;10.1
2 nde;1290;129.6;103.7;97.2;90.8;84.3;77.8;64.8;51.9;38.9;32.4;26.0;13.0
1 ère;46;14.2;11.4;10.7;10.0;9.3;8.6;7.1;5.7;4.3;3.6;2.9;1.8
1 ère;65;18.9;15.2;14.2;13.3;12.3;11.4;9.5;7.6;5.7;4.8;3.8;1.9
1 ère;77;21.6;17.3;16.2;15.2;14.1;13.0;10.8;8.7;6.5;5.4;4.4;2.2
1 ère;97;26.0;20.8;19.5;18.2;16.9;15.6;13.0;10.4;7.8;6.5;5.2;2.6
1 ère;110;29.7;23.8;22.3;20.8;19.3;17.9;14.9;11.9;9.0;7.5;6.0;3.0
1 ère;169;42.4;34.0;31.8;29.7;27.6;25.5;21.2;17.0;12.8;10.6;8.5;4.3
1 ère;202;48.3;38.7;36.3;33.9;31.4;29.0;24.2;19.4;14.5;12.1;9.7;4.9
1 ère;203;48.5;38.8;36.4;34.0;31.6;29.1;24.3;19.4;14.6;12.2;9.7;4.9
1 ère;239;55.0;44.0;41.3;38.5;35.8;33.0;27.5;22.0;16.5;13.8;11.0;5.5
1 ère;249;56.8;45.5;42.6;39.8;37.0;34.1;28.4;22.8;17.1;14.2;11.4;5.7
1 ère;312;68.7;55.0;51.6;48.1;44.7;41.3;34.4;27.5;20.7;17.2;13.8;6.9
1 ère;352;74.9;60.0;56.2;52.5;48.7;45.0;37.5;30.0;22.5;18.8;15.0;7.5
1 ère;489;96.1;76.9;72.1;67.3;62.5;57.7;48.1;38.5;28.9;24.1;19.3;9.7
1 ère;493;96.7;77.4;72.6;67.7;62.9;58.1;48.4;38.7;29.1;24.2;19.4;9.7
1 ère;535;101.6;81.3;76.2;71.2;66.1;61.0;50.8;40.7;30.5;25.4;20.4;10.2
1 ère;615;112.7;90.2;84.6;78.9;73.3;67.7;56.4;45.1;33.9;28.2;22.6;11.3
1 ère;685;122.4;98.0;91.8;85.7;79.6;73.5;61.2;49.0;36.8;30.6;24.5;12.3
1 ère;690;123.1;98.5;92.4;86.2;80.1;73.9;61.6;49.3;37.0;30.8;24.7;12.4
1 ère;785;136.2;109.0;102.2;95.4;88.6;81.8;68.1;54.5;40.9;34.1;27.3;13.7
1 ère;790;136.9;109.6;102.7;95.9;89.0;82.2;68.5;54.8;41.1;34.3;27.4;13.7
1 ère;915;152.0;121.6;114.0;106.4;98.8;91.2;76.0;60.8;45.6;38.0;30.4;15.2
1 ère;985;159.9;128.0;120.0;112.0;104.0;96.0;80.0;64.0;48.0;40.0;32.0;16.0
1 ère;1020;163.9;131.2;123.0;114.8;106.6;98.4;82.0;65.6;49.2;41.0;32.8;16.4
1 ère;1120;175.2;140.2;131.4;122.7;113.9;105.2;87.6;70.1;52.6;43.8;35.1;17.6
2 nde;6;2.0;1.6;1.5;1.4;1.3;1.2;1.2;1.2;1.2;1.2;1.2;1.2
2 nde;33;7.4;6.0;5.6;5.2;4.9;4.5;3.7;3.0;2.3;1.9;1.5;1.2
2 nde;49;9.9;8.0;7.5;7.0;6.5;6.0;5.0;4.0;3.0;2.5;2.0;1.2
2 nde;99;17.7;14.2;13.3;12.4;11.5;10.7;8.9;7.1;5.4;4.5;3.6;1.8
2 nde;167;28.1;22.5;21.1;19.7;18.3;16.9;14.1;11.3;8.5;7.1;5.7;2.9
2 nde;202;32.2;25.8;24.2;22.6;21.0;19.4;16.1;12.9;9.7;8.1;6.5;3.3
2 nde;273;40.8;32.7;30.6;28.6;26.6;24.5;20.4;16.4;12.3;10.2;8.2;4.1
2 nde;330;47.7;38.2;35.8;33.4;31.0;28.7;23.9;19.1;14.4;12.0;9.6;4.8
2 nde;360;50.8;40.7;38.1;35.6;33.1;30.5;25.4;20.4;15.3;12.7;10.2;5.1
2 nde;361;50.9;40.8;38.2;35.7;33.1;30.6;25.5;20.4;15.3;12.8;10.2;5.1
2 nde;367;51.5;41.2;38.7;36.1;33.5;30.9;25.8;20.6;15.5;12.9;10.3;5.2
2 nde;383;53.1;42.5;39.9;37.2;34.6;31.9;26.6;21.3;16.0;13.3;10.7;5.4
2 nde;464;61.5;49.2;46.2;43.1;40.0;36.9;30.8;24.6;18.5;15.4;12.3;6.2
2 nde;493;64.5;51.6;48.4;45.2;42.0;38.7;32.3;25.8;19.4;16.2;12.9;6.5
2 nde;600;73.7;59.0;55.3;51.6;47.9;44.3;36.9;29.5;22.2;18.5;14.8;7.4
2 nde;605;74.2;59.4;55.7;52.0;48.3;44.6;37.1;29.7;22.3;18.6;14.9;7.5
2 nde;675;80.7;64.6;60.6;56.5;52.5;48.5;40.4;32.3;24.3;20.2;16.2;8.1
2 nde;745;87.1;69.7;65.4;61.0;56.7;52.3;43.6;34.9;26.2;21.8;17.5;8.8
2 nde;855;96.8;77.5;72.6;67.8;63.0;58.1;48.4;38.8;29.1;24.2;19.4;9.7
2 nde;975;105.9;84.8;79.5;74.2;68.9;63.6;53.0;42.4;31.8;26.5;21.2;10.6
2 nde;1270;128.1;102.5;96.1;89.7;83.3;76.9;64.1;51.3;38.5;32.1;25.7;12.9
1 ère;8;3.5;2.8;2.7;2.5;2.3;2.1;1.8;1.8;1.8;1.8;1.8;1.8
1 ère;18;6.3;5.1;4.8;4.5;4.1;3.8;3.2;2.6;1.9;1.8;1.8;1.8
1 ère;23;7.9;6.4;6.0;5.6;5.2;4.8;4.0;3.2;2.4;2.0;1.8;1.8
1 ère;94;25.4;20.4;19.1;17.8;16.6;15.3;12.7;10.2;7.7;6.4;5.1;2.6
1 ère;112;30.1;24.1;22.6;21.1;19.6;18.1;15.1;12.1;9.1;7.6;6.1;3.1
1 ère;151;39.2;31.4;29.4;27.5;25.5;23.6;19.6;15.7;11.8;9.8;7.9;4.0
1 ère;193;46.7;37.4;35.1;32.7;30.4;28.1;23.4;18.7;14.1;11.7;9.4;4.7
1 ère;197;47.4;38.0;35.6;33.2;30.9;28.5;23.7;19.0;14.3;11.9;9.5;4.8
1 ère;214;50.5;40.4;37.9;35.4;32.9;30.3;25.3;20.2;15.2;12.7;10.1;5.1
1 ère;224;52.3;41.9;39.3;36.7;34.0;31.4;26.2;21.0;15.7;13.1;10.5;5.3
1 ère;241;55.4;44.4;41.6;38.8;36.1;33.3;27.7;22.2;16.7;13.9;11.1;5.6
1 ère;274;61.4;49.2;46.1;43.0;40.0;36.9;30.7;24.6;18.5;15.4;12.3;6.2
1 ère;287;63.7;51.0;47.8;44.6;41.4;38.3;31.9;25.5;19.2;16.0;12.8;6.4
1 ère;317;69.5;55.6;52.2;48.7;45.2;41.7;34.8;27.8;20.9;17.4;13.9;7.0
1 ère;334;72.1;57.7;54.1;50.5;46.9;43.3;36.1;28.9;21.7;18.1;14.5;7.3
1 ère;349;74.4;59.6;55.8;52.1;48.4;44.7;37.2;29.8;22.4;18.6;14.9;7.5
1 ère;362;76.4;61.2;57.3;53.5;49.7;45.9;38.2;30.6;23.0;19.1;15.3;7.7
1 ère;399;82.2;65.8;61.7;57.6;53.5;49.4;41.1;32.9;24.7;20.6;16.5;8.3
1 ère;413;84.3;67.5;63.3;59.1;54.8;50.6;42.2;33.8;25.3;21.1;16.9;8.5
1 ère;419;85.3;68.3;64.0;59.8;55.5;51.2;42.7;34.2;25.6;21.4;17.1;8.6
1 ère;481;94.8;75.9;71.1;66.4;61.7;56.9;47.4;38.0;28.5;23.7;19.0;9.5
1 ère;515;98.9;79.2;74.2;69.3;64.3;59.4;49.5;39.6;29.7;24.8;19.8;9.9
1 ère;675;121.0;96.8;90.8;84.7;78.7;72.6;60.5;48.4;36.3;30.3;24.2;12.1
1 ère;725;127.9;102.4;96.0;89.6;83.2;76.8;64.0;51.2;38.4;32.0;25.6;12.8
1 ère;910;151.4;121.2;113.6;106.0;98.5;90.9;75.7;60.6;45.5;37.9;30.3;15.2
1 ère;955;156.5;125.2;117.4;109.6;101.8;93.9;78.3;62.6;47.0;39.2;31.3;15.7
2 nde;8;2.4;2.0;1.8;1.7000000000000002;1.6;1.5;1.2;1.2;1.2;1.2;1.2;1.2
2 nde;27;6.1;4.9;4.6;4.3;4.0;3.7;3.1;2.5;1.9;1.6;1.3;1.2
2 nde;56;11.1;8.9;8.4;7.8;7.3;6.7;5.6;4.5;3.4;2.8;2.3;1.2
2 nde;63;12.2;9.8;9.2;8.6;8.0;7.4;6.1;4.9;3.7;3.1;2.5;1.3
2 nde;134;23.2;18.6;17.4;16.3;15.1;14.0;11.6;9.3;7.0;5.8;4.7;2.4
2 nde;157;26.9;21.6;20.2;18.9;17.5;16.2;13.5;10.8;8.1;6.8;5.4;2.7
2 nde;206;32.7;26.2;24.6;22.9;21.3;19.7;16.4;13.1;9.9;8.2;6.6;3.3
2 nde;221;34.5;27.6;25.9;24.2;22.5;20.7;17.3;13.8;10.4;8.7;6.9;3.5
2 nde;265;39.8;31.9;29.9;27.9;25.9;23.9;19.9;16.0;12.0;10.0;8.0;4.0
2 nde;274;40.9;32.8;30.7;28.7;26.6;24.6;20.5;16.4;12.3;10.3;8.2;4.1
2 nde;290;42.9;34.4;32.2;30.1;27.9;25.8;21.5;17.2;12.9;10.8;8.6;4.3
2 nde;379;52.7;42.2;39.6;36.9;34.3;31.7;26.4;21.1;15.9;13.2;10.6;5.3
2 nde;390;53.9;43.2;40.5;37.8;35.1;32.4;27.0;21.6;16.2;13.5;10.8;5.4
2 nde;413;56.2;45.0;42.2;39.4;36.6;33.8;28.1;22.5;16.9;14.1;11.3;5.7
2 nde;445;59.5;47.6;44.7;41.7;38.7;35.7;29.8;23.8;17.9;14.9;11.9;6.0
2 nde;456;60.7;48.6;45.6;42.5;39.5;36.5;30.4;24.3;18.3;15.2;12.2;6.1
2 nde;460;61.1;48.9;45.9;42.8;39.8;36.7;30.6;24.5;18.4;15.3;12.3;6.2
2 nde;467;61.8;49.5;46.4;43.3;40.2;37.1;30.9;24.8;18.6;15.5;12.4;6.2
2 nde;474;62.5;50.0;46.9;43.8;40.7;37.5;31.3;25.0;18.8;15.7;12.5;6.3
2 nde;484;63.5;50.8;47.7;44.5;41.3;38.1;31.8;25.4;19.1;15.9;12.7;6.4
2 nde;496;64.8;51.9;48.6;45.4;42.2;38.9;32.4;26.0;19.5;16.2;13.0;6.5
2 nde;498;65.0;52.0;48.8;45.5;42.3;39.0;32.5;26.0;19.5;16.3;13.0;6.5
2 nde;520;66.4;53.2;49.8;46.5;43.2;39.9;33.2;26.6;20.0;16.6;13.3;6.7
2 nde;740;86.6;69.3;65.0;60.7;56.3;52.0;43.3;34.7;26.0;21.7;17.4;8.7
2 nde;820;94.2;75.4;70.7;66.0;61.3;56.6;47.1;37.7;28.3;23.6;18.9;9.5
2 nde;1070;113.0;90.4;84.8;79.1;73.5;67.8;56.5;45.2;33.9;28.3;22.6;11.3
2 nde;1210;123.6;98.9;92.7;86.6;80.4;74.2;61.8;49.5;37.1;30.9;24.8;12.4
1 ère;4;2.4;2.0;1.8;1.8;1.8;1.8;1.8;1.8;1.8;1.8;1.8;1.8
1 ère;28;9.5;7.6;7.2;6.7;6.2;5.7;4.8;3.8;2.9;2.4;1.9;1.8
1 ère;32;10.8;8.7;8.1;7.6;7.1;6.5;5.4;4.4;3.3;2.7;2.2;1.8
1 ère;60;17.5;14.0;13.2;12.3;11.4;10.5;8.8;7.0;5.3;4.4;3.5;1.8
1 ère;86;23.6;18.9;17.7;16.6;15.4;14.2;11.8;9.5;7.1;5.9;4.8;2.4
1 ère;89;24.3;19.5;18.3;17.1;15.8;14.6;12.2;9.8;7.3;6.1;4.9;2.5
1 ère;101;26.9;21.6;20.2;18.9;17.5;16.2;13.5;10.8;8.1;6.8;5.4;2.7
1 ère;129;33.7;27.0;25.3;23.6;21.9;20.3;16.9;13.5;10.2;8.5;6.8;3.4
1 ère;134;34.8;27.9;26.1;24.4;22.7;20.9;17.4;14.0;10.5;8.7;7.0;3.5
1 ère;204;48.7;39.0;36.6;34.1;31.7;29.3;24.4;19.5;14.7;12.2;9.8;4.9
1 ère;227;52.9;42.4;39.7;37.1;34.4;31.8;26.5;21.2;15.9;13.3;10.6;5.3
1 ère;237;54.7;43.8;41.1;38.3;35.6;32.9;27.4;21.9;16.5;13.7;11.0;5.5
1 ère;265;59.7;47.8;44.8;41.8;38.8;35.9;29.9;23.9;18.0;15.0;12.0;6.0
1 ère;266;59.9;48.0;45.0;42.0;39.0;36.0;30.0;24.0;18.0;15.0;12.0;6.0
1 ère;268;60.3;48.3;45.3;42.3;39.2;36.2;30.2;24.2;18.1;15.1;12.1;6.1
1 ère;289;64.1;51.3;48.1;44.9;41.7;38.5;32.1;25.7;19.3;16.1;12.9;6.5
1 ère;332;71.8;57.5;53.9;50.3;46.7;43.1;35.9;28.8;21.6;18.0;14.4;7.2
1 ère;360;76.1;60.9;57.1;53.3;49.5;45.7;38.1;30.5;22.9;19.1;15.3;7.7
1 ère;381;79.4;63.6;59.6;55.6;51.7;47.7;39.7;31.8;23.9;19.9;15.9;8.0
1 ère;395;81.5;65.2;61.2;57.1;53.0;48.9;40.8;32.6;24.5;20.4;16.3;8.2
1 ère;430;87.0;69.6;65.3;60.9;56.6;52.2;43.5;34.8;26.1;21.8;17.4;8.7
1 ère;435;87.7;70.2;65.8;61.4;57.0;52.7;43.9;35.1;26.4;22.0;17.6;8.8
1 ère;461;91.7;73.4;68.8;64.2;59.6;55.1;45.9;36.7;27.6;23.0;18.4;9.2
1 ère;462;91.9;73.6;69.0;64.4;59.8;55.2;46.0;36.8;27.6;23.0;18.4;9.2
1 ère;467;92.7;74.2;69.6;64.9;60.3;55.7;46.4;37.1;27.9;23.2;18.6;9.3
1 ère;780;135.5;108.4;101.7;94.9;88.1;81.3;67.8;54.2;40.7;33.9;27.1;13.6
1 ère;900;150.3;120.3;112.8;105.3;97.7;90.2;75.2;60.2;45.1;37.6;30.1;15.1
1 ère;1040;166.2;133.0;124.7;116.4;108.1;99.8;83.1;66.5;49.9;41.6;33.3;16.7
1 ère;1060;168.4;134.8;126.3;117.9;109.5;101.1;84.2;67.4;50.6;42.1;33.7;16.9
2 nde;19;4.4;3.6;3.3;3.1;2.9;2.7;2.2;1.8;1.4;1.2;1.2;1.2
2 nde;48;9.8;7.9;7.4;6.9;6.4;5.9;4.9;4.0;3.0;2.5;2.0;1.2
2 nde;93;16.8;13.5;12.6;11.8;11.0;10.1;8.4;6.8;5.1;4.2;3.4;1.7000000000000002
2 nde;124;21.8;17.5;16.4;15.3;14.2;13.1;10.9;8.8;6.6;5.5;4.4;2.2
2 nde;132;22.9;18.4;17.2;16.1;14.9;13.8;11.5;9.2;6.9;5.8;4.6;2.3
2 nde;166;27.9;22.4;21.0;19.6;18.2;16.8;14.0;11.2;8.4;7.0;5.6;2.8
2 nde;172;28.6;22.9;21.5;20.1;18.6;17.2;14.3;11.5;8.6;7.2;5.8;2.9
2 nde;243;37.2;29.8;27.9;26.1;24.2;22.4;18.6;14.9;11.2;9.3;7.5;3.8
2 nde;302;44.8;35.9;33.6;31.4;29.2;26.9;22.4;18.0;13.5;11.2;9.0;4.5
2 nde;317;46.3;37.1;34.8;32.5;30.1;27.8;23.2;18.6;13.9;11.6;9.3;4.7
2 nde;327;47.4;38.0;35.6;33.2;30.9;28.5;23.7;19.0;14.3;11.9;9.5;4.8
2 nde;354;50.2;40.2;37.7;35.2;32.7;30.2;25.1;20.1;15.1;12.6;10.1;5.1
2 nde;356;50.4;40.4;37.8;35.3;32.8;30.3;25.2;20.2;15.2;12.6;10.1;5.1
2 nde;362;51.0;40.8;38.3;35.7;33.2;30.6;25.5;20.4;15.3;12.8;10.2;5.1
2 nde;372;52.0;41.6;39.0;36.4;33.8;31.2;26.0;20.8;15.6;13.0;10.4;5.2
2 nde;384;53.2;42.6;39.9;37.3;34.6;32.0;26.6;21.3;16.0;13.3;10.7;5.4
2 nde;400;54.9;44.0;41.2;38.5;35.7;33.0;27.5;22.0;16.5;13.8;11.0;5.5
2 nde;443;59.3;47.5;44.5;41.6;38.6;35.6;29.7;23.8;17.8;14.9;11.9;6.0
2 nde;461;61.2;49.0;45.9;42.9;39.8;36.8;30.6;24.5;18.4;15.3;12.3;6.2
2 nde;478;62.9;50.4;47.2;44.1;40.9;37.8;31.5;25.2;18.9;15.8;12.6;6.3
2 nde;480;63.1;50.5;47.4;44.2;41.1;37.9;31.6;25.3;19.0;15.8;12.7;6.4
2 nde;610;74.7;59.8;56.1;52.3;48.6;44.9;37.4;29.9;22.5;18.7;15.0;7.5
2 nde;985;106.6;85.3;80.0;74.7;69.3;64.0;53.3;42.7;32.0;26.7;21.4;10.7
2 nde;1040;110.8;88.7;83.1;77.6;72.1;66.5;55.4;44.4;33.3;27.7;22.2;11.1
1 ère;113;30.3;24.3;22.8;21.3;19.7;18.2;15.2;12.2;9.1;7.6;6.1;3.1
1 ère;138;35.7;28.6;26.8;25.0;23.2;21.5;17.9;14.3;10.8;9.0;7.2;3.6
1 ère;141;36.3;29.1;27.3;25.5;23.6;21.8;18.2;14.6;10.9;9.1;7.3;3.7
1 ère;143;36.7;29.4;27.6;25.7;23.9;22.1;18.4;14.7;11.1;9.2;7.4;3.7
1 ère;148;37.8;30.3;28.4;26.5;24.6;22.7;18.9;15.2;11.4;9.5;7.6;3.8
1 ère;167;42.1;33.7;31.6;29.5;27.4;25.3;21.1;16.9;12.7;10.6;8.5;4.3
1 ère;198;47.6;38.1;35.7;33.4;31.0;28.6;23.8;19.1;14.3;11.9;9.6;4.8
1 ère;205;48.9;39.2;36.7;34.3;31.8;29.4;24.5;19.6;14.7;12.3;9.8;4.9
1 ère;208;49.4;39.6;37.1;34.6;32.2;29.7;24.7;19.8;14.9;12.4;9.9;5.0
1 ère;221;51.8;41.5;38.9;36.3;33.7;31.1;25.9;20.8;15.6;13.0;10.4;5.2
1 ère;238;54.8;43.9;41.1;38.4;35.7;32.9;27.4;22.0;16.5;13.7;11.0;5.5
1 ère;257;58.3;46.7;43.8;40.9;37.9;35.0;29.2;23.4;17.5;14.6;11.7;5.9
1 ère;294;65.0;52.0;48.8;45.5;42.3;39.0;32.5;26.0;19.5;16.3;13.0;6.5
1 ère;295;65.2;52.2;48.9;45.7;42.4;39.2;32.6;26.1;19.6;16.3;13.1;6.6
1 ère;335;72.3;57.9;54.3;50.7;47.0;43.4;36.2;29.0;21.7;18.1;14.5;7.3
1 ère;341;73.2;58.6;54.9;51.3;47.6;44.0;36.6;29.3;22.0;18.3;14.7;7.4
1 ère;343;73.5;58.8;55.2;51.5;47.8;44.1;36.8;29.4;22.1;18.4;14.7;7.4
1 ère;387;80.3;64.3;60.3;56.3;52.2;48.2;40.2;32.2;24.1;20.1;16.1;8.1
1 ère;403;82.8;66.3;62.1;58.0;53.9;49.7;41.4;33.2;24.9;20.7;16.6;8.3
1 ère;406;83.2;66.6;62.4;58.3;54.1;50.0;41.6;33.3;25.0;20.8;16.7;8.4
1 ère;408;83.6;66.9;62.7;58.6;54.4;50.2;41.8;33.5;25.1;20.9;16.8;8.4
1 ère;420;85.4;68.4;64.1;59.8;55.6;51.3;42.7;34.2;25.7;21.4;17.1;8.6
1 ère;423;85.9;68.8;64.5;60.2;55.9;51.6;43.0;34.4;25.8;21.5;17.2;8.6
1 ère;433;87.4;70.0;65.6;61.2;56.9;52.5;43.7;35.0;26.3;21.9;17.5;8.8
1 ère;441;88.7;71.0;66.6;62.1;57.7;53.3;44.4;35.5;26.7;22.2;17.8;8.9
1 ère;447;89.6;71.7;67.2;62.8;58.3;53.8;44.8;35.9;26.9;22.4;18.0;9.0
1 ère;451;90.2;72.2;67.7;63.2;58.7;54.2;45.1;36.1;27.1;22.6;18.1;9.1
1 ère;482;95.0;76.0;71.3;66.5;61.8;57.0;47.5;38.0;28.5;23.8;19.0;9.5
1 ère;595;109.9;88.0;82.5;77.0;71.5;66.0;55.0;44.0;33.0;27.5;22.0;11.0
1 ère;610;112.0;89.6;84.0;78.4;72.8;67.2;56.0;44.8;33.6;28.0;22.4;11.2
1 ère;635;115.5;92.4;86.7;80.9;75.1;69.3;57.8;46.2;34.7;28.9;23.1;11.6
1 ère;735;129.3;103.5;97.0;90.6;84.1;77.6;64.7;51.8;38.8;32.4;25.9;13.0
1 ère;890;149.2;119.4;111.9;104.5;97.0;89.6;74.6;59.7;44.8;37.3;29.9;15.0
1 ère;935;154.3;123.5;115.8;108.1;100.3;92.6;77.2;61.8;46.3;38.6;30.9;15.5
1 ère;940;154.8;123.9;116.1;108.4;100.7;92.9;77.4;62.0;46.5;38.7;31.0;15.5
1 ère;975;158.8;127.1;119.1;111.2;103.3;95.3;79.4;63.6;47.7;39.7;31.8;15.9
1 ère;1220;186.6;149.3;140.0;130.7;121.3;112.0;93.3;74.7;56.0;46.7;37.4;18.7
1 ère;1270;192.2;153.8;144.2;134.6;125.0;115.4;96.1;76.9;57.7;48.1;38.5;19.3
2 nde;45;9.3;7.5;7.0;6.6;6.1;5.6;4.7;3.8;2.8;2.4;1.9;1.2
2 nde;51;10.3;8.3;7.8;7.3;6.7;6.2;5.2;4.2;3.1;2.6;2.1;1.2
2 nde;73;13.8;11.1;10.4;9.7;9.0;8.3;6.9;5.6;4.2;3.5;2.8;1.4
2 nde;116;20.7;16.6;15.6;14.5;13.5;12.5;10.4;8.3;6.3;5.2;4.2;2.1
2 nde;118;20.9;16.8;15.7;14.7;13.6;12.6;10.5;8.4;6.3;5.3;4.2;2.1
2 nde;119;21.1;16.9;15.9;14.8;13.8;12.7;10.6;8.5;6.4;5.3;4.3;2.2
2 nde;169;28.3;22.7;21.3;19.9;18.4;17.0;14.2;11.4;8.5;7.1;5.7;2.9
2 nde;170;28.4;22.8;21.3;19.9;18.5;17.1;14.2;11.4;8.6;7.1;5.7;2.9
2 nde;187;30.4;24.4;22.8;21.3;19.8;18.3;15.2;12.2;9.2;7.6;6.1;3.1
2 nde;191;30.9;24.8;23.2;21.7;20.1;18.6;15.5;12.4;9.3;7.8;6.2;3.1
2 nde;194;31.3;25.1;23.5;22.0;20.4;18.8;15.7;12.6;9.4;7.9;6.3;3.2
2 nde;209;33.1;26.5;24.9;23.2;21.6;19.9;16.6;13.3;10.0;8.3;6.7;3.4
2 nde;210;33.2;26.6;24.9;23.3;21.6;20.0;16.6;13.3;10.0;8.3;6.7;3.4
2 nde;224;34.9;28.0;26.2;24.5;22.7;21.0;17.5;14.0;10.5;8.8;7.0;3.5
2 nde;236;36.3;29.1;27.3;25.5;23.6;21.8;18.2;14.6;10.9;9.1;7.3;3.7
2 nde;267;40.1;32.1;30.1;28.1;26.1;24.1;20.1;16.1;12.1;10.1;8.1;4.1
2 nde;299;43.9;35.2;33.0;30.8;28.6;26.4;22.0;17.6;13.2;11.0;8.8;4.4
2 nde;329;47.6;38.1;35.7;33.4;31.0;28.6;23.8;19.1;14.3;11.9;9.6;4.8
2 nde;377;52.5;42.0;39.4;36.8;34.2;31.5;26.3;21.0;15.8;13.2;10.5;5.3
2 nde;394;54.3;43.5;40.8;38.1;35.3;32.6;27.2;21.8;16.3;13.6;10.9;5.5
2 nde;405;55.4;44.4;41.6;38.8;36.1;33.3;27.7;22.2;16.7;13.9;11.1;5.6
2 nde;412;56.1;44.9;42.1;39.3;36.5;33.7;28.1;22.5;16.9;14.1;11.3;5.7
2 nde;426;57.6;46.1;43.2;40.4;37.5;34.6;28.8;23.1;17.3;14.4;11.6;5.8
2 nde;492;64.4;51.6;48.3;45.1;41.9;38.7;32.2;25.8;19.4;16.1;12.9;6.5
2 nde;550;69.1;55.3;51.9;48.4;45.0;41.5;34.6;27.7;20.8;17.3;13.9;7.0
2 nde;555;69.6;55.7;52.2;48.8;45.3;41.8;34.8;27.9;20.9;17.4;14.0;7.0
2 nde;670;80.2;64.2;60.2;56.2;52.2;48.2;40.1;32.1;24.1;20.1;16.1;8.1
2 nde;810;93.4;74.8;70.1;65.4;60.8;56.1;46.7;37.4;28.1;23.4;18.7;9.4
2 nde;850;96.4;77.2;72.3;67.5;62.7;57.9;48.2;38.6;29.0;24.1;19.3;9.7
2 nde;905;100.6;80.5;75.5;70.5;65.4;60.4;50.3;40.3;30.2;25.2;20.2;10.1
2 nde;1220;124.4;99.6;93.3;87.1;80.9;74.7;62.2;49.8;37.4;31.1;24.9;12.5
1 ère;12;4.7;3.8;3.6;3.3;3.1;2.9;2.4;1.9;1.8;1.8;1.8;1.8
1 ère;40;12.7;10.2;9.6;8.9;8.3;7.7;6.4;5.1;3.9;3.2;2.6;1.8
1 ère;42;13.2;10.6;9.9;9.3;8.6;8.0;6.6;5.3;4.0;3.3;2.7;1.8
1 ère;49;14.9;12.0;11.2;10.5;9.7;9.0;7.5;6.0;4.5;3.8;3.0;1.8
1 ère;68;19.6;15.7;14.7;13.8;12.8;11.8;9.8;7.9;5.9;4.9;4.0;2.0
1 ère;98;26.3;21.1;19.8;18.5;17.1;15.8;13.2;10.6;7.9;6.6;5.3;2.7
1 ère;108;28.5;22.8;21.4;20.0;18.6;17.1;14.3;11.4;8.6;7.2;5.7;2.9
1 ère;120;31.8;25.5;23.9;22.3;20.7;19.1;15.9;12.8;9.6;8.0;6.4;3.2
1 ère;127;33.3;26.7;25.0;23.4;21.7;20.0;16.7;13.4;10.0;8.4;6.7;3.4
1 ère;130;34.0;27.2;25.5;23.8;22.1;20.4;17.0;13.6;10.2;8.5;6.8;3.4
1 ère;156;40.1;32.1;30.1;28.1;26.1;24.1;20.1;16.1;12.1;10.1;8.1;4.1
1 ère;163;41.3;33.1;31.0;29.0;26.9;24.8;20.7;16.6;12.4;10.4;8.3;4.2
1 ère;173;43.1;34.5;32.4;30.2;28.1;25.9;21.6;17.3;13.0;10.8;8.7;4.4
1 ère;175;43.5;34.8;32.7;30.5;28.3;26.1;21.8;17.4;13.1;10.9;8.7;4.4
1 ère;206;49.0;39.2;36.8;34.3;31.9;29.4;24.5;19.6;14.7;12.3;9.8;4.9
1 ère;212;50.1;40.1;37.6;35.1;32.6;30.1;25.1;20.1;15.1;12.6;10.1;5.1
1 ère;217;51.0;40.8;38.3;35.7;33.2;30.6;25.5;20.4;15.3;12.8;10.2;5.1
1 ère;245;56.1;44.9;42.1;39.3;36.5;33.7;28.1;22.5;16.9;14.1;11.3;5.7
1 ère;251;57.2;45.8;42.9;40.1;37.2;34.4;28.6;22.9;17.2;14.3;11.5;5.8
1 ère;255;57.9;46.4;43.5;40.6;37.7;34.8;29.0;23.2;17.4;14.5;11.6;5.8
1 ère;272;61.0;48.8;45.8;42.7;39.7;36.6;30.5;24.4;18.3;15.3;12.2;6.1
1 ère;299;65.9;52.8;49.5;46.2;42.9;39.6;33.0;26.4;19.8;16.5;13.2;6.6
1 ère;310;68.4;54.8;51.3;47.9;44.5;41.1;34.2;27.4;20.6;17.1;13.7;6.9
1 ère;321;70.1;56.1;52.6;49.1;45.6;42.1;35.1;28.1;21.1;17.6;14.1;7.1
1 ère;330;71.5;57.2;53.7;50.1;46.5;42.9;35.8;28.6;21.5;17.9;14.3;7.2
1 ère;366;77.1;61.7;57.9;54.0;50.2;46.3;38.6;30.9;23.2;19.3;15.5;7.8
1 ère;384;79.8;63.9;59.9;55.9;51.9;47.9;39.9;32.0;24.0;20.0;16.0;8.0
1 ère;385;80.0;64.0;60.0;56.0;52.0;48.0;40.0;32.0;24.0;20.0;16.0;8.0
1 ère;407;83.4;66.8;62.6;58.4;54.3;50.1;41.7;33.4;25.1;20.9;16.7;8.4
1 ère;445;89.3;71.5;67.0;62.6;58.1;53.6;44.7;35.8;26.8;22.4;17.9;9.0
1 ère;452;90.4;72.4;67.8;63.3;58.8;54.3;45.2;36.2;27.2;22.6;18.1;9.1
1 ère;458;91.3;73.1;68.5;64.0;59.4;54.8;45.7;36.6;27.4;22.9;18.3;9.2
1 ère;480;94.7;75.8;71.1;66.3;61.6;56.9;47.4;37.9;28.5;23.7;19.0;9.5
1 ère;570;106.5;85.2;79.9;74.6;69.3;63.9;53.3;42.6;32.0;26.7;21.3;10.7
1 ère;905;150.9;120.8;113.2;105.7;98.1;90.6;75.5;60.4;45.3;37.8;30.2;15.1
2 nde;95;17.1;13.7;12.9;12.0;11.2;10.3;8.6;6.9;5.2;4.3;3.5;1.8
2 nde;101;18.0;14.4;13.5;12.6;11.7;10.8;9.0;7.2;5.4;4.5;3.6;1.8
2 nde;120;21.2;17.0;15.9;14.9;13.8;12.8;10.6;8.5;6.4;5.3;4.3;2.2
2 nde;165;27.8;22.3;20.9;19.5;18.1;16.7;13.9;11.2;8.4;7.0;5.6;2.8
2 nde;174;28.9;23.2;21.7;20.3;18.8;17.4;14.5;11.6;8.7;7.3;5.8;2.9
2 nde;179;29.5;23.6;22.2;20.7;19.2;17.7;14.8;11.8;8.9;7.4;5.9;3.0
2 nde;182;29.8;23.9;22.4;20.9;19.4;17.9;14.9;12.0;9.0;7.5;6.0;3.0
2 nde;186;30.3;24.3;22.8;21.3;19.7;18.2;15.2;12.2;9.1;7.6;6.1;3.1
2 nde;218;34.2;27.4;25.7;24.0;22.3;20.6;17.1;13.7;10.3;8.6;6.9;3.5
2 nde;225;35.0;28.0;26.3;24.5;22.8;21.0;17.5;14.0;10.5;8.8;7.0;3.5
2 nde;229;35.5;28.4;26.7;24.9;23.1;21.3;17.8;14.2;10.7;8.9;7.1;3.6
2 nde;269;40.3;32.3;30.3;28.3;26.2;24.2;20.2;16.2;12.1;10.1;8.1;4.1
2 nde;314;46.0;36.8;34.5;32.2;29.9;27.6;23.0;18.4;13.8;11.5;9.2;4.6
2 nde;323;47.0;37.6;35.3;32.9;30.6;28.2;23.5;18.8;14.1;11.8;9.4;4.7
2 nde;335;48.2;38.6;36.2;33.8;31.4;29.0;24.1;19.3;14.5;12.1;9.7;4.9
2 nde;344;49.1;39.3;36.9;34.4;32.0;29.5;24.6;19.7;14.8;12.3;9.9;5.0
2 nde;387;53.6;42.9;40.2;37.6;34.9;32.2;26.8;21.5;16.1;13.4;10.8;5.4
2 nde;452;60.2;48.2;45.2;42.2;39.2;36.2;30.1;24.1;18.1;15.1;12.1;6.1
2 nde;475;62.6;50.1;47.0;43.9;40.7;37.6;31.3;25.1;18.8;15.7;12.6;6.3
2 nde;499;65.1;52.1;48.9;45.6;42.4;39.1;32.6;26.1;19.6;16.3;13.1;6.6
2 nde;525;66.8;53.5;50.1;46.8;43.5;40.1;33.4;26.8;20.1;16.7;13.4;6.7
2 nde;630;76.5;61.2;57.4;53.6;49.8;45.9;38.3;30.6;23.0;19.2;15.3;7.7
2 nde;790;91.2;73.0;68.4;63.9;59.3;54.8;45.6;36.5;27.4;22.8;18.3;9.2
2 nde;815;93.8;75.1;70.4;65.7;61.0;56.3;46.9;37.6;28.2;23.5;18.8;9.4
2 nde;915;101.3;81.1;76.0;71.0;65.9;60.8;50.7;40.6;30.4;25.4;20.3;10.2
2 nde;970;105.5;84.4;79.2;73.9;68.6;63.3;52.8;42.2;31.7;26.4;21.1;10.6
2 nde;980;106.2;85.0;79.7;74.4;69.1;63.8;53.1;42.5;31.9;26.6;21.3;10.7
1 ère;34;11.3;9.1;8.5;8.0;7.4;6.8;5.7;4.6;3.4;2.9;2.3;1.8
1 ère;37;12.0;9.6;9.0;8.4;7.8;7.2;6.0;4.8;3.6;3.0;2.4;1.8
1 ère;64;18.5;14.8;13.9;13.0;12.1;11.1;9.3;7.4;5.6;4.7;3.7;1.9
1 ère;84;23.1;18.5;17.4;16.2;15.1;13.9;11.6;9.3;7.0;5.8;4.7;2.4
1 ère;87;23.8;19.1;17.9;16.7;15.5;14.3;11.9;9.6;7.2;6.0;4.8;2.4
1 ère;105;27.8;22.3;20.9;19.5;18.1;16.7;13.9;11.2;8.4;7.0;5.6;2.8
1 ère;135;35.0;28.0;26.3;24.5;22.8;21.0;17.5;14.0;10.5;8.8;7.0;3.5
1 ère;165;41.7;33.4;31.3;29.2;27.1;25.1;20.9;16.7;12.6;10.5;8.4;4.2
1 ère;247;56.5;45.2;42.4;39.6;36.8;33.9;28.3;22.6;17.0;14.2;11.3;5.7
1 ère;267;60.1;48.1;45.1;42.1;39.1;36.1;30.1;24.1;18.1;15.1;12.1;6.1
1 ère;320;70.0;56.0;52.5;49.0;45.5;42.0;35.0;28.0;21.0;17.5;14.0;7.0
1 ère;326;70.9;56.8;53.2;49.7;46.1;42.6;35.5;28.4;21.3;17.8;14.2;7.1
1 ère;354;75.2;60.2;56.4;52.7;48.9;45.2;37.6;30.1;22.6;18.8;15.1;7.6
1 ère;356;75.5;60.4;56.7;52.9;49.1;45.3;37.8;30.2;22.7;18.9;15.1;7.6
1 ère;436;87.9;70.4;66.0;61.6;57.2;52.8;44.0;35.2;26.4;22.0;17.6;8.8
1 ère;475;93.9;75.2;70.5;65.8;61.1;56.4;47.0;37.6;28.2;23.5;18.8;9.4
1 ère;477;94.2;75.4;70.7;66.0;61.3;56.6;47.1;37.7;28.3;23.6;18.9;9.5
1 ère;545;103.0;82.4;77.3;72.1;67.0;61.8;51.5;41.2;30.9;25.8;20.6;10.3
1 ère;565;105.8;84.7;79.4;74.1;68.8;63.5;52.9;42.4;31.8;26.5;21.2;10.6
1 ère;590;109.2;87.4;81.9;76.5;71.0;65.6;54.6;43.7;32.8;27.3;21.9;11.0
1 ère;850;144.7;115.8;108.6;101.3;94.1;86.9;72.4;57.9;43.5;36.2;29.0;14.5
1 ère;970;158.2;126.6;118.7;110.8;102.9;95.0;79.1;63.3;47.5;39.6;31.7;15.9
1 ère;1180;182.0;145.6;136.5;127.4;118.3;109.2;91.0;72.8;54.6;45.5;36.4;18.2
1 ère;1230;187.7;150.2;140.8;131.4;122.0;112.7;93.9;75.1;56.4;47.0;37.6;18.8
2 nde;25;5.7;4.6;4.3;4.0;3.7;3.5;2.9;2.3;1.8;1.5;1.2;1.2
2 nde;68;13.1;10.5;9.9;9.2;8.6;7.9;6.6;5.3;4.0;3.3;2.7;1.4
2 nde;98;17.5;14.0;13.2;12.3;11.4;10.5;8.8;7.0;5.3;4.4;3.5;1.8
2 nde;143;24.5;19.6;18.4;17.2;16.0;14.7;12.3;9.8;7.4;6.2;4.9;2.5
2 nde;220;34.4;27.6;25.8;24.1;22.4;20.7;17.2;13.8;10.4;8.6;6.9;3.5
2 nde;242;37.1;29.7;27.9;26.0;24.2;22.3;18.6;14.9;11.2;9.3;7.5;3.8
2 nde;255;38.6;30.9;29.0;27.1;25.1;23.2;19.3;15.5;11.6;9.7;7.8;3.9
2 nde;306;45.2;36.2;33.9;31.7;29.4;27.2;22.6;18.1;13.6;11.3;9.1;4.6
2 nde;364;51.2;41.0;38.4;35.9;33.3;30.8;25.6;20.5;15.4;12.8;10.3;5.2
2 nde;375;52.3;41.9;39.3;36.7;34.0;31.4;26.2;21.0;15.7;13.1;10.5;5.3
2 nde;391;54.0;43.2;40.5;37.8;35.1;32.4;27.0;21.6;16.2;13.5;10.8;5.4
2 nde;410;55.9;44.8;42.0;39.2;36.4;33.6;28.0;22.4;16.8;14.0;11.2;5.6
2 nde;415;56.4;45.2;42.3;39.5;36.7;33.9;28.2;22.6;17.0;14.1;11.3;5.7
2 nde;441;59.1;47.3;44.4;41.4;38.5;35.5;29.6;23.7;17.8;14.8;11.9;6.0
2 nde;491;64.3;51.5;48.3;45.1;41.8;38.6;32.2;25.8;19.3;16.1;12.9;6.5
2 nde;1030;110.0;88.0;82.5;77.0;71.5;66.0;55.0;44.0;33.0;27.5;22.0;11.0
2 nde;1150;119.1;95.3;89.4;83.4;77.5;71.5;59.6;47.7;35.8;29.8;23.9;12.0
2 nde;1250;126.6;101.3;95.0;88.7;82.3;76.0;63.3;50.7;38.0;31.7;25.4;12.7
2 nde;1300;130.4;104.4;97.8;91.3;84.8;78.3;65.2;52.2;39.2;32.6;26.1;13.1
1 ère;24;8.2;6.6;6.2;5.8;5.4;5.0;4.1;3.3;2.5;2.1;1.8;1.8
1 ère;66;19.1;15.3;14.4;13.4;12.5;11.5;9.6;7.7;5.8;4.8;3.9;2.0
1 ère;106;28.1;22.5;21.1;19.7;18.3;16.9;14.1;11.3;8.5;7.1;5.7;2.9
1 ère;111;29.9;24.0;22.5;21.0;19.5;18.0;15.0;12.0;9.0;7.5;6.0;3.0
1 ère;125;32.9;26.4;24.7;23.1;21.4;19.8;16.5;13.2;9.9;8.3;6.6;3.3
1 ère;152;39.4;31.6;29.6;27.6;25.7;23.7;19.7;15.8;11.9;9.9;7.9;4.0
1 ère;233;53.9;43.2;40.5;37.8;35.1;32.4;27.0;21.6;16.2;13.5;10.8;5.4
1 ère;262;59.2;47.4;44.4;41.5;38.5;35.6;29.6;23.7;17.8;14.8;11.9;6.0
1 ère;290;64.3;51.5;48.3;45.1;41.8;38.6;32.2;25.8;19.3;16.1;12.9;6.5
1 ère;322;70.3;56.3;52.8;49.3;45.7;42.2;35.2;28.2;21.1;17.6;14.1;7.1
1 ère;329;71.3;57.1;53.5;50.0;46.4;42.8;35.7;28.6;21.4;17.9;14.3;7.2
1 ère;398;82.0;65.6;61.5;57.4;53.3;49.2;41.0;32.8;24.6;20.5;16.4;8.2
1 ère;409;83.7;67.0;62.8;58.6;54.4;50.3;41.9;33.5;25.2;21.0;16.8;8.4
1 ère;490;96.2;77.0;72.2;67.4;62.6;57.8;48.1;38.5;28.9;24.1;19.3;9.7
1 ère;520;99.6;79.7;74.7;69.8;64.8;59.8;49.8;39.9;29.9;24.9;20.0;10.0
1 ère;625;114.1;91.3;85.6;79.9;74.2;68.5;57.1;45.7;34.3;28.6;22.9;11.5
2 nde;2;1.2;1.2;1.2;1.2;1.2;1.2;1.2;1.2;1.2;1.2;1.2;1.2
2 nde;32;7.2;5.8;5.4;5.1;4.7;4.4;3.6;2.9;2.2;1.8;1.5;1.2
2 nde;46;9.5;7.6;7.2;6.7;6.2;5.7;4.8;3.8;2.9;2.4;1.9;1.2
2 nde;103;18.3;14.7;13.8;12.9;11.9;11.0;9.2;7.4;5.5;4.6;3.7;1.9
2 nde;107;18.9;15.2;14.2;13.3;12.3;11.4;9.5;7.6;5.7;4.8;3.8;1.9
2 nde;200;32.0;25.6;24.0;22.4;20.8;19.2;16.0;12.8;9.6;8.0;6.4;3.2
2 nde;226;35.1;28.1;26.4;24.6;22.9;21.1;17.6;14.1;10.6;8.8;7.1;3.6
2 nde;227;35.2;28.2;26.4;24.7;22.9;21.2;17.6;14.1;10.6;8.8;7.1;3.6
2 nde;237;36.5;29.2;27.4;25.6;23.8;21.9;18.3;14.6;11.0;9.2;7.3;3.7
2 nde;315;46.1;36.9;34.6;32.3;30.0;27.7;23.1;18.5;13.9;11.6;9.3;4.7
2 nde;331;47.8;38.3;35.9;33.5;31.1;28.7;23.9;19.2;14.4;12.0;9.6;4.8
2 nde;355;50.3;40.3;37.8;35.3;32.7;30.2;25.2;20.2;15.1;12.6;10.1;5.1
2 nde;395;54.4;43.6;40.8;38.1;35.4;32.7;27.2;21.8;16.4;13.6;10.9;5.5
2 nde;407;55.6;44.5;41.7;39.0;36.2;33.4;27.8;22.3;16.7;13.9;11.2;5.6
2 nde;409;55.8;44.7;41.9;39.1;36.3;33.5;27.9;22.4;16.8;14.0;11.2;5.6
2 nde;425;57.5;46.0;43.2;40.3;37.4;34.5;28.8;23.0;17.3;14.4;11.5;5.8
2 nde;437;58.7;47.0;44.1;41.1;38.2;35.3;29.4;23.5;17.7;14.7;11.8;5.9
2 nde;451;60.1;48.1;45.1;42.1;39.1;36.1;30.1;24.1;18.1;15.1;12.1;6.1
2 nde;453;60.4;48.4;45.3;42.3;39.3;36.3;30.2;24.2;18.2;15.1;12.1;6.1
2 nde;565;70.5;56.4;52.9;49.4;45.9;42.3;35.3;28.2;21.2;17.7;14.1;7.1
2 nde;640;77.4;62.0;58.1;54.2;50.4;46.5;38.7;31.0;23.3;19.4;15.5;7.8
2 nde;645;77.9;62.4;58.5;54.6;50.7;46.8;39.0;31.2;23.4;19.5;15.6;7.8
2 nde;705;83.4;66.8;62.6;58.4;54.3;50.1;41.7;33.4;25.1;20.9;16.7;8.4
2 nde;1230;125.1;100.1;93.9;87.6;81.4;75.1;62.6;50.1;37.6;31.3;25.1;12.6
1 ère;16;5.9;4.8;4.5;4.2;3.9;3.6;3.0;2.4;1.8;1.8;1.8;1.8
1 ère;100;26.7;21.4;20.1;18.7;17.4;16.1;13.4;10.7;8.1;6.7;5.4;2.7
1 ère;128;33.5;26.8;25.2;23.5;21.8;20.1;16.8;13.4;10.1;8.4;6.7;3.4
1 ère;133;34.6;27.7;26.0;24.3;22.5;20.8;17.3;13.9;10.4;8.7;7.0;3.5
1 ère;172;43.0;34.4;32.3;30.1;28.0;25.8;21.5;17.2;12.9;10.8;8.6;4.3
1 ère;184;45.1;36.1;33.9;31.6;29.4;27.1;22.6;18.1;13.6;11.3;9.1;4.6
1 ère;192;46.5;37.2;34.9;32.6;30.3;27.9;23.3;18.6;14.0;11.7;9.3;4.7
1 ère;254;57.8;46.3;43.4;40.5;37.6;34.7;28.9;23.2;17.4;14.5;11.6;5.8
1 ère;259;58.7;47.0;44.1;41.1;38.2;35.3;29.4;23.5;17.7;14.7;11.8;5.9
1 ère;263;59.4;47.6;44.6;41.6;38.7;35.7;29.7;23.8;17.9;14.9;11.9;6.0
1 ère;390;80.8;64.7;60.6;56.6;52.6;48.5;40.4;32.4;24.3;20.2;16.2;8.1
1 ère;454;90.7;72.6;68.1;63.5;59.0;54.5;45.4;36.3;27.3;22.7;18.2;9.1
1 ère;473;93.6;74.9;70.2;65.6;60.9;56.2;46.8;37.5;28.1;23.4;18.8;9.4
1 ère;510;98.2;78.6;73.7;68.8;63.9;59.0;49.1;39.3;29.5;24.6;19.7;9.9
1 ère;645;116.8;93.5;87.6;81.8;76.0;70.1;58.4;46.8;35.1;29.2;23.4;11.7
1 ère;1030;165.0;132.0;123.8;115.5;107.3;99.0;82.5;66.0;49.5;41.3;33.0;16.5
1 ère;1170;180.9;144.8;135.7;126.7;117.6;108.6;90.5;72.4;54.3;45.3;36.2;18.1
2 nde;4;1.6;1.3;1.2;1.2;1.2;1.2;1.2;1.2;1.2;1.2;1.2;1.2
2 nde;22;5.1;4.1;3.9;3.6;3.4;3.1;2.6;2.1;1.6;1.3;1.2;1.2
2 nde;87;15.9;12.8;12.0;11.2;10.4;9.6;8.0;6.4;4.8;4.0;3.2;1.6
2 nde;234;36.1;28.9;27.1;25.3;23.5;21.7;18.1;14.5;10.9;9.1;7.3;3.7
2 nde;246;37.5;30.0;28.2;26.3;24.4;22.5;18.8;15.0;11.3;9.4;7.5;3.8
2 nde;251;38.1;30.5;28.6;26.7;24.8;22.9;19.1;15.3;11.5;9.6;7.7;3.9
2 nde;256;38.7;31.0;29.1;27.1;25.2;23.3;19.4;15.5;11.7;9.7;7.8;3.9
2 nde;261;39.4;31.6;29.6;27.6;25.7;23.7;19.7;15.8;11.9;9.9;7.9;4.0
2 nde;263;39.6;31.7;29.7;27.8;25.8;23.8;19.8;15.9;11.9;9.9;8.0;4.0
2 nde;292;43.1;34.5;32.4;30.2;28.1;25.9;21.6;17.3;13.0;10.8;8.7;4.4
2 nde;296;43.6;34.9;32.7;30.6;28.4;26.2;21.8;17.5;13.1;10.9;8.8;4.4
2 nde;307;45.3;36.3;34.0;31.8;29.5;27.2;22.7;18.2;13.6;11.4;9.1;4.6
2 nde;326;47.3;37.9;35.5;33.2;30.8;28.4;23.7;19.0;14.2;11.9;9.5;4.8
2 nde;388;53.7;43.0;40.3;37.6;34.9;32.3;26.9;21.5;16.2;13.5;10.8;5.4
2 nde;399;54.8;43.9;41.1;38.4;35.7;32.9;27.4;22.0;16.5;13.7;11.0;5.5
2 nde;421;57.1;45.7;42.9;40.0;37.2;34.3;28.6;22.9;17.2;14.3;11.5;5.8
2 nde;430;58.0;46.4;43.5;40.6;37.7;34.8;29.0;23.2;17.4;14.5;11.6;5.8
2 nde;439;58.9;47.2;44.2;41.3;38.3;35.4;29.5;23.6;17.7;14.8;11.8;5.9
2 nde;450;60.0;48.0;45.0;42.0;39.0;36.0;30.0;24.0;18.0;15.0;12.0;6.0
2 nde;471;62.2;49.8;46.7;43.6;40.5;37.4;31.1;24.9;18.7;15.6;12.5;6.3
2 nde;494;64.6;51.7;48.5;45.3;42.0;38.8;32.3;25.9;19.4;16.2;13.0;6.5
2 nde;780;90.3;72.3;67.8;63.3;58.7;54.2;45.2;36.2;27.1;22.6;18.1;9.1
2 nde;1060;112.3;89.9;84.3;78.7;73.0;67.4;56.2;45.0;33.7;28.1;22.5;11.3
1 ère;70;20.0;16.0;15.0;14.0;13.0;12.0;10.0;8.0;6.0;5.0;4.0;2.0
1 ère;73;20.7;16.6;15.6;14.5;13.5;12.5;10.4;8.3;6.3;5.2;4.2;2.1
1 ère;104;27.6;22.1;20.7;19.4;18.0;16.6;13.8;11.1;8.3;6.9;5.6;2.8
1 ère;166;41.9;33.6;31.5;29.4;27.3;25.2;21.0;16.8;12.6;10.5;8.4;4.2
1 ère;177;43.9;35.2;33.0;30.8;28.6;26.4;22.0;17.6;13.2;11.0;8.8;4.4
1 ère;199;47.8;38.3;35.9;33.5;31.1;28.7;23.9;19.2;14.4;12.0;9.6;4.8
1 ère;226;52.7;42.2;39.6;36.9;34.3;31.7;26.4;21.1;15.9;13.2;10.6;5.3
1 ère;231;53.6;42.9;40.2;37.6;34.9;32.2;26.8;21.5;16.1;13.4;10.8;5.4
1 ère;235;54.3;43.5;40.8;38.1;35.3;32.6;27.2;21.8;16.3;13.6;10.9;5.5
1 ère;246;56.3;45.1;42.3;39.5;36.6;33.8;28.2;22.6;16.9;14.1;11.3;5.7
1 ère;264;59.6;47.7;44.7;41.8;38.8;35.8;29.8;23.9;17.9;14.9;12.0;6.0
1 ère;269;60.5;48.4;45.4;42.4;39.4;36.3;30.3;24.2;18.2;15.2;12.1;6.1
1 ère;275;61.6;49.3;46.2;43.2;40.1;37.0;30.8;24.7;18.5;15.4;12.4;6.2
1 ère;277;61.9;49.6;46.5;43.4;40.3;37.2;31.0;24.8;18.6;15.5;12.4;6.2
1 ère;281;62.7;50.2;47.1;43.9;40.8;37.7;31.4;25.1;18.9;15.7;12.6;6.3
1 ère;304;67.5;54.0;50.7;47.3;43.9;40.5;33.8;27.0;20.3;16.9;13.5;6.8
1 ère;344;73.7;59.0;55.3;51.6;47.9;44.3;36.9;29.5;22.2;18.5;14.8;7.4
1 ère;397;81.9;65.6;61.5;57.4;53.3;49.2;41.0;32.8;24.6;20.5;16.4;8.2
1 ère;440;88.5;70.8;66.4;62.0;57.6;53.1;44.3;35.4;26.6;22.2;17.7;8.9
1 ère;459;91.4;73.2;68.6;64.0;59.5;54.9;45.7;36.6;27.5;22.9;18.3;9.2
1 ère;950;156.0;124.8;117.0;109.2;101.4;93.6;78.0;62.4;46.8;39.0;31.2;15.6
1 ère;980;159.4;127.6;119.6;111.6;103.7;95.7;79.7;63.8;47.9;39.9;31.9;16.0
1 ère;1130;176.4;141.2;132.3;123.5;114.7;105.9;88.2;70.6;53.0;44.1;35.3;17.7
1 ère;1250;190.0;152.0;142.5;133.0;123.5;114.0;95.0;76.0;57.0;47.5;38.0;19.0
2 nde;10;2.8;2.3;2.1;2.0;1.9;1.7000000000000002;1.4;1.2;1.2;1.2;1.2;1.2
2 nde;11;3.0;2.4;2.3;2.1;2.0;1.8;1.5;1.2;1.2;1.2;1.2;1.2
2 nde;15;3.7;3.0;2.8;2.6;2.4;2.3;1.9;1.5;1.2;1.2;1.2;1.2
2 nde;16;3.9;3.2;3.0;2.8;2.6;2.4;2.0;1.6;1.2;1.2;1.2;1.2
2 nde;43;9.0;7.2;6.8;6.3;5.9;5.4;4.5;3.6;2.7;2.3;1.8;1.2
2 nde;67;12.9;10.4;9.7;9.1;8.4;7.8;6.5;5.2;3.9;3.3;2.6;1.3
2 nde;74;13.9;11.2;10.5;9.8;9.1;8.4;7.0;5.6;4.2;3.5;2.8;1.4
2 nde;84;15.4;12.4;11.6;10.8;10.1;9.3;7.7;6.2;4.7;3.9;3.1;1.6
2 nde;105;18.6;14.9;14.0;13.1;12.1;11.2;9.3;7.5;5.6;4.7;3.8;1.9
2 nde;112;20.1;16.1;15.1;14.1;13.1;12.1;10.1;8.1;6.1;5.1;4.1;2.1
2 nde;127;22.2;17.8;16.7;15.6;14.5;13.4;11.1;8.9;6.7;5.6;4.5;2.3
2 nde;130;22.7;18.2;17.1;15.9;14.8;13.7;11.4;9.1;6.9;5.7;4.6;2.3
2 nde;150;26.0;20.8;19.5;18.2;16.9;15.6;13.0;10.4;7.8;6.5;5.2;2.6
2 nde;161;27.3;21.9;20.5;19.2;17.8;16.4;13.7;11.0;8.2;6.9;5.5;2.8
2 nde;188;30.6;24.5;23.0;21.5;19.9;18.4;15.3;12.3;9.2;7.7;6.2;3.1
2 nde;199;31.9;25.6;24.0;22.4;20.8;19.2;16.0;12.8;9.6;8.0;6.4;3.2
2 nde;219;34.3;27.5;25.8;24.1;22.3;20.6;17.2;13.8;10.3;8.6;6.9;3.5
2 nde;231;35.7;28.6;26.8;25.0;23.2;21.5;17.9;14.3;10.8;9.0;7.2;3.6
2 nde;257;38.9;31.2;29.2;27.3;25.3;23.4;19.5;15.6;11.7;9.8;7.8;3.9
2 nde;352;49.9;40.0;37.5;35.0;32.5;30.0;25.0;20.0;15.0;12.5;10.0;5.0
2 nde;353;50.1;40.1;37.6;35.1;32.6;30.1;25.1;20.1;15.1;12.6;10.1;5.1
2 nde;365;51.3;41.1;38.5;36.0;33.4;30.8;25.7;20.6;15.4;12.9;10.3;5.2
2 nde;370;51.8;41.5;38.9;36.3;33.7;31.1;25.9;20.8;15.6;13.0;10.4;5.2
2 nde;374;52.2;41.8;39.2;36.6;34.0;31.4;26.1;20.9;15.7;13.1;10.5;5.3
2 nde;402;55.1;44.1;41.4;38.6;35.9;33.1;27.6;22.1;16.6;13.8;11.1;5.6
2 nde;420;57.0;45.6;42.8;39.9;37.1;34.2;28.5;22.8;17.1;14.3;11.4;5.7
2 nde;455;60.6;48.5;45.5;42.5;39.4;36.4;30.3;24.3;18.2;15.2;12.2;6.1
2 nde;458;60.9;48.8;45.7;42.7;39.6;36.6;30.5;24.4;18.3;15.3;12.2;6.1
2 nde;477;62.8;50.3;47.1;44.0;40.9;37.7;31.4;25.2;18.9;15.7;12.6;6.3
2 nde;560;70.1;56.1;52.6;49.1;45.6;42.1;35.1;28.1;21.1;17.6;14.1;7.1
2 nde;590;72.8;58.3;54.6;51.0;47.4;43.7;36.4;29.2;21.9;18.2;14.6;7.3
2 nde;880;98.7;79.0;74.1;69.1;64.2;59.3;49.4;39.5;29.7;24.7;19.8;9.9
2 nde;895;99.8;79.9;74.9;69.9;64.9;59.9;49.9;40.0;30.0;25.0;20.0;10.0
1 ère;5;2.7;2.2;2.1;1.9;1.8;1.8;1.8;1.8;1.8;1.8;1.8;1.8
1 ère;27;9.2;7.4;6.9;6.5;6.0;5.6;4.6;3.7;2.8;2.3;1.9;1.8
1 ère;57;16.8;13.5;12.6;11.8;11.0;10.1;8.4;6.8;5.1;4.2;3.4;1.8
1 ère;83;22.9;18.4;17.2;16.1;14.9;13.8;11.5;9.2;6.9;5.8;4.6;2.3
1 ère;103;27.4;22.0;20.6;19.2;17.9;16.5;13.7;11.0;8.3;6.9;5.5;2.8
1 ère;176;43.7;35.0;32.8;30.6;28.4;26.3;21.9;17.5;13.2;11.0;8.8;4.4
1 ère;178;44.0;35.2;33.0;30.8;28.6;26.4;22.0;17.6;13.2;11.0;8.8;4.4
1 ère;195;47.1;37.7;35.4;33.0;30.7;28.3;23.6;18.9;14.2;11.8;9.5;4.8
1 ère;213;50.3;40.3;37.8;35.3;32.7;30.2;25.2;20.2;15.1;12.6;10.1;5.1
1 ère;271;60.8;48.7;45.6;42.6;39.6;36.5;30.4;24.4;18.3;15.2;12.2;6.1
1 ère;302;67.2;53.8;50.4;47.1;43.7;40.4;33.6;26.9;20.2;16.8;13.5;6.8
1 ère;303;67.3;53.9;50.5;47.2;43.8;40.4;33.7;27.0;20.2;16.9;13.5;6.8
1 ère;306;67.8;54.3;50.9;47.5;44.1;40.7;33.9;27.2;20.4;17.0;13.6;6.8
1 ère;315;69.2;55.4;51.9;48.5;45.0;41.6;34.6;27.7;20.8;17.3;13.9;7.0
1 ère;364;76.8;61.5;57.6;53.8;50.0;46.1;38.4;30.8;23.1;19.2;15.4;7.7
1 ère;373;78.1;62.5;58.6;54.7;50.8;46.9;39.1;31.3;23.5;19.6;15.7;7.9
1 ère;404;82.9;66.4;62.2;58.1;53.9;49.8;41.5;33.2;24.9;20.8;16.6;8.3
1 ère;414;84.5;67.6;63.4;59.2;55.0;50.7;42.3;33.8;25.4;21.2;16.9;8.5
1 ère;416;84.8;67.9;63.6;59.4;55.2;50.9;42.4;34.0;25.5;21.2;17.0;8.5
1 ère;431;87.1;69.7;65.4;61.0;56.7;52.3;43.6;34.9;26.2;21.8;17.5;8.8
1 ère;465;92.4;74.0;69.3;64.7;60.1;55.5;46.2;37.0;27.8;23.1;18.5;9.3
1 ère;471;93.3;74.7;70.0;65.4;60.7;56.0;46.7;37.4;28.0;23.4;18.7;9.4
1 ère;495;97.0;77.6;72.8;67.9;63.1;58.2;48.5;38.8;29.1;24.3;19.4;9.7
1 ère;496;97.1;77.7;72.9;68.0;63.2;58.3;48.6;38.9;29.2;24.3;19.5;9.8
1 ère;530;101.0;80.8;75.8;70.7;65.7;60.6;50.5;40.4;30.3;25.3;20.2;10.1
1 ère;665;119.6;95.7;89.7;83.8;77.8;71.8;59.8;47.9;35.9;29.9;24.0;12.0
1 ère;705;125.1;100.1;93.9;87.6;81.4;75.1;62.6;50.1;37.6;31.3;25.1;12.6
1 ère;895;149.7;119.8;112.3;104.8;97.3;89.9;74.9;59.9;45.0;37.5;30.0;15.0
1 ère;930;153.7;123.0;115.3;107.6;99.9;92.3;76.9;61.5;46.2;38.5;30.8;15.4
1 ère;1050;167.3;133.9;125.5;117.2;108.8;100.4;83.7;67.0;50.2;41.9;33.5;16.8
1 ère;1160;179.8;143.9;134.9;125.9;116.9;107.9;89.9;72.0;54.0;45.0;36.0;18.0
1 ère;1290;194.5;155.6;145.9;136.2;126.5;116.7;97.3;77.8;58.4;48.7;38.9;19.5
2 nde;1;1.2;1.2;1.2;1.2;1.2;1.2;1.2;1.2;1.2;1.2;1.2;1.2
2 nde;42;8.8;7.1;6.6;6.2;5.8;5.3;4.4;3.6;2.7;2.2;1.8;1.2
2 nde;52;10.4;8.4;7.8;7.3;6.8;6.3;5.2;4.2;3.2;2.6;2.1;1.2
2 nde;64;12.3;9.9;9.3;8.7;8.0;7.4;6.2;5.0;3.7;3.1;2.5;1.3
2 nde;65;12.6;10.1;9.5;8.9;8.2;7.6;6.3;5.1;3.8;3.2;2.6;1.3
2 nde;83;15.3;12.3;11.5;10.8;10.0;9.2;7.7;6.2;4.6;3.9;3.1;1.6
2 nde;89;16.2;13.0;12.2;11.4;10.6;9.8;8.1;6.5;4.9;4.1;3.3;1.7000000000000002
2 nde;90;16.3;13.1;12.3;11.5;10.6;9.8;8.2;6.6;4.9;4.1;3.3;1.7000000000000002
2 nde;114;20.4;16.4;15.3;14.3;13.3;12.3;10.2;8.2;6.2;5.1;4.1;2.1
2 nde;192;31.0;24.8;23.3;21.7;20.2;18.6;15.5;12.4;9.3;7.8;6.2;3.1
2 nde;198;31.7;25.4;23.8;22.2;20.6;19.1;15.9;12.7;9.6;8.0;6.4;3.2
2 nde;205;32.6;26.1;24.5;22.9;21.2;19.6;16.3;13.1;9.8;8.2;6.6;3.3
2 nde;212;33.4;26.8;25.1;23.4;21.8;20.1;16.7;13.4;10.1;8.4;6.7;3.4
2 nde;233;36.0;28.8;27.0;25.2;23.4;21.6;18.0;14.4;10.8;9.0;7.2;3.6
2 nde;238;36.6;29.3;27.5;25.7;23.8;22.0;18.3;14.7;11.0;9.2;7.4;3.7
2 nde;241;36.9;29.6;27.7;25.9;24.0;22.2;18.5;14.8;11.1;9.3;7.4;3.7
2 nde;244;37.3;29.9;28.0;26.2;24.3;22.4;18.7;15.0;11.2;9.4;7.5;3.8
2 nde;277;41.3;33.1;31.0;29.0;26.9;24.8;20.7;16.6;12.4;10.4;8.3;4.2
2 nde;311;45.7;36.6;34.3;32.0;29.7;27.5;22.9;18.3;13.8;11.5;9.2;4.6
2 nde;320;46.7;37.4;35.1;32.7;30.4;28.1;23.4;18.7;14.1;11.7;9.4;4.7
2 nde;336;48.3;38.7;36.3;33.9;31.4;29.0;24.2;19.4;14.5;12.1;9.7;4.9
2 nde;341;48.8;39.1;36.6;34.2;31.8;29.3;24.4;19.6;14.7;12.2;9.8;4.9
2 nde;363;51.1;40.9;38.4;35.8;33.3;30.7;25.6;20.5;15.4;12.8;10.3;5.2
2 nde;398;54.7;43.8;41.1;38.3;35.6;32.9;27.4;21.9;16.5;13.7;11.0;5.5
2 nde;404;55.3;44.3;41.5;38.8;36.0;33.2;27.7;22.2;16.6;13.9;11.1;5.6
2 nde;418;56.7;45.4;42.6;39.7;36.9;34.1;28.4;22.7;17.1;14.2;11.4;5.7
2 nde;429;57.9;46.4;43.5;40.6;37.7;34.8;29.0;23.2;17.4;14.5;11.6;5.8
2 nde;470;62.1;49.7;46.6;43.5;40.4;37.3;31.1;24.9;18.7;15.6;12.5;6.3
2 nde;615;75.1;60.1;56.4;52.6;48.9;45.1;37.6;30.1;22.6;18.8;15.1;7.6
2 nde;870;97.9;78.4;73.5;68.6;63.7;58.8;49.0;39.2;29.4;24.5;19.6;9.8
2 nde;920;101.7;81.4;76.3;71.2;66.1;61.1;50.9;40.7;30.6;25.5;20.4;10.2
2 nde;925;102.1;81.7;76.6;71.5;66.4;61.3;51.1;40.9;30.7;25.6;20.5;10.3
2 nde;1000;107.7;86.2;80.8;75.4;70.0;64.7;53.9;43.1;32.4;27.0;21.6;10.8
1 ère;31;10.5;8.4;7.9;7.4;6.9;6.3;5.3;4.2;3.2;2.7;2.1;1.8
1 ère;35;11.5;9.2;8.7;8.1;7.5;6.9;5.8;4.6;3.5;2.9;2.3;1.8
1 ère;55;16.3;13.1;12.3;11.5;10.6;9.8;8.2;6.6;4.9;4.1;3.3;1.8
1 ère;56;16.6;13.3;12.5;11.7;10.8;10.0;8.3;6.7;5.0;4.2;3.4;1.8
1 ère;78;21.8;17.5;16.4;15.3;14.2;13.1;10.9;8.8;6.6;5.5;4.4;2.2
1 ère;81;22.5;18.0;16.9;15.8;14.7;13.5;11.3;9.0;6.8;5.7;4.5;2.3
1 ère;95;25.6;20.5;19.2;18.0;16.7;15.4;12.8;10.3;7.7;6.4;5.2;2.6
1 ère;181;44.6;35.7;33.5;31.3;29.0;26.8;22.3;17.9;13.4;11.2;9.0;4.5
1 ère;232;53.8;43.1;40.4;37.7;35.0;32.3;26.9;21.6;16.2;13.5;10.8;5.4
1 ère;252;57.4;46.0;43.1;40.2;37.4;34.5;28.7;23.0;17.3;14.4;11.5;5.8
1 ère;307;67.9;54.4;51.0;47.6;44.2;40.8;34.0;27.2;20.4;17.0;13.6;6.8
1 ère;314;69.0;55.2;51.8;48.3;44.9;41.4;34.5;27.6;20.7;17.3;13.8;6.9
1 ère;339;72.9;58.4;54.7;51.1;47.4;43.8;36.5;29.2;21.9;18.3;14.6;7.3
1 ère;346;74.0;59.2;55.5;51.8;48.1;44.4;37.0;29.6;22.2;18.5;14.8;7.4
1 ère;348;74.3;59.5;55.8;52.1;48.3;44.6;37.2;29.8;22.3;18.6;14.9;7.5
1 ère;361;76.3;61.1;57.3;53.5;49.6;45.8;38.2;30.6;22.9;19.1;15.3;7.7
1 ère;377;78.8;63.1;59.1;55.2;51.3;47.3;39.4;31.6;23.7;19.7;15.8;7.9
1 ère;379;79.1;63.3;59.4;55.4;51.5;47.5;39.6;31.7;23.8;19.8;15.9;8.0
1 ère;383;79.7;63.8;59.8;55.8;51.8;47.9;39.9;31.9;24.0;20.0;16.0;8.0
1 ère;426;86.3;69.1;64.8;60.5;56.1;51.8;43.2;34.6;25.9;21.6;17.3;8.7
1 ère;429;86.8;69.5;65.1;60.8;56.5;52.1;43.4;34.8;26.1;21.7;17.4;8.7
1 ère;448;89.7;71.8;67.3;62.8;58.3;53.9;44.9;35.9;27.0;22.5;18.0;9.0
1 ère;484;95.3;76.3;71.5;66.8;62.0;57.2;47.7;38.2;28.6;23.9;19.1;9.6
1 ère;585;108.6;86.9;81.5;76.1;70.6;65.2;54.3;43.5;32.6;27.2;21.8;10.9
1 ère;620;113.4;90.8;85.1;79.4;73.8;68.1;56.7;45.4;34.1;28.4;22.7;11.4
1 ère;715;126.5;101.2;94.9;88.6;82.3;75.9;63.3;50.6;38.0;31.7;25.3;12.7
1 ère;730;128.6;102.9;96.5;90.1;83.6;77.2;64.3;51.5;38.6;32.2;25.8;12.9
1 ère;825;141.8;113.5;106.4;99.3;92.2;85.1;70.9;56.8;42.6;35.5;28.4;14.2
1 ère;865;146.4;117.2;109.8;102.5;95.2;87.9;73.2;58.6;44.0;36.6;29.3;14.7
1 ère;1150;178.6;142.9;134.0;125.1;116.1;107.2;89.3;71.5;53.6;44.7;35.8;17.9
2 nde;14;3.5;2.8;2.7;2.5;2.3;2.1;1.8;1.4;1.2;1.2;1.2;1.2
2 nde;50;10.1;8.1;7.6;7.1;6.6;6.1;5.1;4.1;3.1;2.6;2.1;1.2
2 nde;78;14.5;11.6;10.9;10.2;9.5;8.7;7.3;5.8;4.4;3.7;2.9;1.5
2 nde;123;21.7;17.4;16.3;15.2;14.1;13.1;10.9;8.7;6.6;5.5;4.4;2.2
2 nde;126;22.1;17.7;16.6;15.5;14.4;13.3;11.1;8.9;6.7;5.6;4.5;2.3
2 nde;151;26.1;20.9;19.6;18.3;17.0;15.7;13.1;10.5;7.9;6.6;5.3;2.7
2 nde;216;33.9;27.2;25.5;23.8;22.1;20.4;17.0;13.6;10.2;8.5;6.8;3.4
2 nde;264;39.7;31.8;29.8;27.8;25.8;23.9;19.9;15.9;12.0;10.0;8.0;4.0
2 nde;285;42.3;33.9;31.8;29.7;27.5;25.4;21.2;17.0;12.7;10.6;8.5;4.3
2 nde;313;45.9;36.8;34.5;32.2;29.9;27.6;23.0;18.4;13.8;11.5;9.2;4.6
2 nde;337;48.4;38.8;36.3;33.9;31.5;29.1;24.2;19.4;14.6;12.1;9.7;4.9
2 nde;357;50.5;40.4;37.9;35.4;32.9;30.3;25.3;20.2;15.2;12.7;10.1;5.1
2 nde;359;50.7;40.6;38.1;35.5;33.0;30.5;25.4;20.3;15.3;12.7;10.2;5.1
2 nde;380;52.8;42.3;39.6;37.0;34.4;31.7;26.4;21.2;15.9;13.2;10.6;5.3
2 nde;382;53.0;42.4;39.8;37.1;34.5;31.8;26.5;21.2;15.9;13.3;10.6;5.3
2 nde;386;53.4;42.8;40.1;37.4;34.8;32.1;26.7;21.4;16.1;13.4;10.7;5.4
2 nde;396;54.5;43.6;40.9;38.2;35.5;32.7;27.3;21.8;16.4;13.7;10.9;5.5
2 nde;446;59.6;47.7;44.7;41.8;38.8;35.8;29.8;23.9;17.9;14.9;12.0;6.0
2 nde;463;61.4;49.2;46.1;43.0;40.0;36.9;30.7;24.6;18.5;15.4;12.3;6.2
2 nde;485;63.6;50.9;47.7;44.6;41.4;38.2;31.8;25.5;19.1;15.9;12.8;6.4
2 nde;487;63.9;51.2;48.0;44.8;41.6;38.4;32.0;25.6;19.2;16.0;12.8;6.4
2 nde;495;64.7;51.8;48.6;45.3;42.1;38.9;32.4;25.9;19.5;16.2;13.0;6.5
2 nde;685;81.6;65.3;61.2;57.2;53.1;49.0;40.8;32.7;24.5;20.4;16.4;8.2
2 nde;760;88.5;70.8;66.4;62.0;57.6;53.1;44.3;35.4;26.6;22.2;17.7;8.9
2 nde;845;96.0;76.8;72.0;67.2;62.4;57.6;48.0;38.4;28.8;24.0;19.2;9.6
2 nde;865;97.6;78.1;73.2;68.4;63.5;58.6;48.8;39.1;29.3;24.4;19.6;9.8
2 nde;965;105.1;84.1;78.9;73.6;68.4;63.1;52.6;42.1;31.6;26.3;21.1;10.6
2 nde;990;107.0;85.6;80.3;74.9;69.6;64.2;53.5;42.8;32.1;26.8;21.4;10.7
2 nde;1130;117.6;94.1;88.2;82.4;76.5;70.6;58.8;47.1;35.3;29.4;23.6;11.8
2 nde;1240;125.9;100.8;94.5;88.2;81.9;75.6;63.0;50.4;37.8;31.5;25.2;12.6
1 ère;43;13.4;10.8;10.1;9.4;8.8;8.1;6.7;5.4;4.1;3.4;2.7;1.8
1 ère;44;13.7;11.0;10.3;9.6;8.9;8.3;6.9;5.5;4.2;3.5;2.8;1.8
1 ère;45;13.9;11.2;10.5;9.8;9.1;8.4;7.0;5.6;4.2;3.5;2.8;1.8
1 ère;63;18.2;14.6;13.7;12.8;11.9;11.0;9.1;7.3;5.5;4.6;3.7;1.9
1 ère;76;21.4;17.2;16.1;15.0;14.0;12.9;10.7;8.6;6.5;5.4;4.3;2.2
1 ère;82;22.7;18.2;17.1;15.9;14.8;13.7;11.4;9.1;6.9;5.7;4.6;2.3
1 ère;146;37.4;30.0;28.1;26.2;24.4;22.5;18.7;15.0;11.3;9.4;7.5;3.8
1 ère;161;41.0;32.8;30.8;28.7;26.7;24.6;20.5;16.4;12.3;10.3;8.2;4.1
1 ère;183;44.9;36.0;33.7;31.5;29.2;27.0;22.5;18.0;13.5;11.3;9.0;4.5
1 ère;186;45.5;36.4;34.2;31.9;29.6;27.3;22.8;18.2;13.7;11.4;9.1;4.6
1 ère;225;52.5;42.0;39.4;36.8;34.2;31.5;26.3;21.0;15.8;13.2;10.5;5.3
1 ère;236;54.5;43.6;40.9;38.2;35.5;32.7;27.3;21.8;16.4;13.7;10.9;5.5
1 ère;242;55.6;44.5;41.7;39.0;36.2;33.4;27.8;22.3;16.7;13.9;11.2;5.6
1 ère;250;57.0;45.6;42.8;39.9;37.1;34.2;28.5;22.8;17.1;14.3;11.4;5.7
1 ère;256;58.1;46.5;43.6;40.7;37.8;34.9;29.1;23.3;17.5;14.6;11.7;5.9
1 ère;270;60.7;48.6;45.6;42.5;39.5;36.5;30.4;24.3;18.3;15.2;12.2;6.1
1 ère;305;67.6;54.1;50.7;47.4;44.0;40.6;33.8;27.1;20.3;16.9;13.6;6.8
1 ère;309;68.3;54.7;51.3;47.9;44.4;41.0;34.2;27.4;20.5;17.1;13.7;6.9
1 ère;338;72.7;58.2;54.6;50.9;47.3;43.7;36.4;29.1;21.9;18.2;14.6;7.3
1 ère;345;73.8;59.1;55.4;51.7;48.0;44.3;36.9;29.6;22.2;18.5;14.8;7.4
1 ère;357;75.7;60.6;56.8;53.0;49.2;45.5;37.9;30.3;22.8;19.0;15.2;7.6
1 ère;369;77.5;62.0;58.2;54.3;50.4;46.5;38.8;31.0;23.3;19.4;15.5;7.8
1 ère;382;79.5;63.6;59.7;55.7;51.7;47.7;39.8;31.8;23.9;19.9;15.9;8.0
1 ère;405;83.1;66.5;62.4;58.2;54.1;49.9;41.6;33.3;25.0;20.8;16.7;8.4
1 ère;424;86.0;68.8;64.5;60.2;55.9;51.6;43.0;34.4;25.8;21.5;17.2;8.6
1 ère;479;94.5;75.6;70.9;66.2;61.5;56.7;47.3;37.8;28.4;23.7;18.9;9.5
1 ère;525;100.3;80.3;75.3;70.3;65.2;60.2;50.2;40.2;30.1;25.1;20.1;10.1
1 ère;695;123.8;99.1;92.9;86.7;80.5;74.3;61.9;49.6;37.2;31.0;24.8;12.4
1 ère;745;130.7;104.6;98.1;91.5;85.0;78.5;65.4;52.3;39.3;32.7;26.2;13.1
1 ère;845;144.1;115.3;108.1;100.9;93.7;86.5;72.1;57.7;43.3;36.1;28.9;14.5
1 ère;855;145.2;116.2;108.9;101.7;94.4;87.2;72.6;58.1;43.6;36.3;29.1;14.6
1 ère;1240;188.8;151.1;141.6;132.2;122.8;113.3;94.4;75.6;56.7;47.2;37.8;18.9
2 nde;21;4.8;3.9;3.6;3.4;3.2;2.9;2.4;2.0;1.5;1.2;1.2;1.2
2 nde;36;7.9;6.4;6.0;5.6;5.2;4.8;4.0;3.2;2.4;2.0;1.6;1.2
2 nde;41;8.7;7.0;6.6;6.1;5.7;5.3;4.4;3.5;2.7;2.2;1.8;1.2
2 nde;72;13.6;10.9;10.2;9.6;8.9;8.2;6.8;5.5;4.1;3.4;2.8;1.4
2 nde;81;15.0;12.0;11.3;10.5;9.8;9.0;7.5;6.0;4.5;3.8;3.0;1.5
2 nde;86;15.7;12.6;11.8;11.0;10.2;9.5;7.9;6.3;4.8;4.0;3.2;1.6
2 nde;136;23.5;18.8;17.7;16.5;15.3;14.1;11.8;9.4;7.1;5.9;4.7;2.4
2 nde;142;24.4;19.6;18.3;17.1;15.9;14.7;12.2;9.8;7.4;6.1;4.9;2.5
2 nde;168;28.2;22.6;21.2;19.8;18.4;17.0;14.1;11.3;8.5;7.1;5.7;2.9
2 nde;215;33.8;27.1;25.4;23.7;22.0;20.3;16.9;13.6;10.2;8.5;6.8;3.4
2 nde;230;35.6;28.5;26.7;25.0;23.2;21.4;17.8;14.3;10.7;8.9;7.2;3.6
2 nde;252;38.3;30.7;28.8;26.9;24.9;23.0;19.2;15.4;11.5;9.6;7.7;3.9
2 nde;300;44.1;35.3;33.1;30.9;28.7;26.5;22.1;17.7;13.3;11.1;8.9;4.5
2 nde;305;45.1;36.1;33.9;31.6;29.4;27.1;22.6;18.1;13.6;11.3;9.1;4.6
2 nde;316;46.2;37.0;34.7;32.4;30.1;27.8;23.1;18.5;13.9;11.6;9.3;4.7
2 nde;332;47.9;38.4;36.0;33.6;31.2;28.8;24.0;19.2;14.4;12.0;9.6;4.8
2 nde;345;49.2;39.4;36.9;34.5;32.0;29.6;24.6;19.7;14.8;12.3;9.9;5.0
2 nde;416;56.5;45.2;42.4;39.6;36.8;33.9;28.3;22.6;17.0;14.2;11.3;5.7
2 nde;435;58.5;46.8;43.9;41.0;38.1;35.1;29.3;23.4;17.6;14.7;11.7;5.9
2 nde;466;61.7;49.4;46.3;43.2;40.1;37.1;30.9;24.7;18.6;15.5;12.4;6.2
2 nde;472;62.3;49.9;46.8;43.7;40.5;37.4;31.2;25.0;18.7;15.6;12.5;6.3
2 nde;500;64.5;51.6;48.4;45.2;42.0;38.7;32.3;25.8;19.4;16.2;12.9;6.5
2 nde;695;82.5;66.0;61.9;57.8;53.7;49.5;41.3;33.0;24.8;20.7;16.5;8.3
2 nde;775;89.9;72.0;67.5;63.0;58.5;54.0;45.0;36.0;27.0;22.5;18.0;9.0
2 nde;960;104.7;83.8;78.6;73.3;68.1;62.9;52.4;41.9;31.5;26.2;21.0;10.5
1 ère;51;15.4;12.4;11.6;10.8;10.1;9.3;7.7;6.2;4.7;3.9;3.1;1.8
1 ère;69;19.8;15.9;14.9;13.9;12.9;11.9;9.9;8.0;6.0;5.0;4.0;2.0
1 ère;90;24.5;19.6;18.4;17.2;16.0;14.7;12.3;9.8;7.4;6.2;4.9;2.5
1 ère;118;31.4;25.2;23.6;22.0;20.5;18.9;15.7;12.6;9.5;7.9;6.3;3.2
1 ère;131;34.2;27.4;25.7;24.0;22.3;20.6;17.1;13.7;10.3;8.6;6.9;3.5
1 ère;145;37.2;29.8;27.9;26.1;24.2;22.4;18.6;14.9;11.2;9.3;7.5;3.8
1 ère;149;38.0;30.4;28.5;26.6;24.7;22.8;19.0;15.2;11.4;9.5;7.6;3.8
1 ère;158;40.5;32.4;30.4;28.4;26.4;24.3;20.3;16.2;12.2;10.2;8.1;4.1
1 ère;182;44.7;35.8;33.6;31.3;29.1;26.9;22.4;17.9;13.5;11.2;9.0;4.5
1 ère;196;47.3;37.9;35.5;33.2;30.8;28.4;23.7;19.0;14.2;11.9;9.5;4.8
1 ère;200;48.0;38.4;36.0;33.6;31.2;28.8;24.0;19.2;14.4;12.0;9.6;4.8
1 ère;293;64.8;51.9;48.6;45.4;42.2;38.9;32.4;26.0;19.5;16.2;13.0;6.5
1 ère;319;69.8;55.9;52.4;48.9;45.4;41.9;34.9;28.0;21.0;17.5;14.0;7.0
1 ère;336;72.4;58.0;54.3;50.7;47.1;43.5;36.2;29.0;21.8;18.1;14.5;7.3
1 ère;368;77.4;62.0;58.1;54.2;50.4;46.5;38.7;31.0;23.3;19.4;15.5;7.8
1 ère;374;78.3;62.7;58.8;54.9;50.9;47.0;39.2;31.4;23.5;19.6;15.7;7.9
1 ère;415;84.6;67.7;63.5;59.3;55.0;50.8;42.3;33.9;25.4;21.2;17.0;8.5
1 ère;418;85.1;68.1;63.9;59.6;55.4;51.1;42.6;34.1;25.6;21.3;17.1;8.6
1 ère;463;92.1;73.7;69.1;64.5;59.9;55.3;46.1;36.9;27.7;23.1;18.5;9.3
1 ère;466;92.5;74.0;69.4;64.8;60.2;55.5;46.3;37.0;27.8;23.2;18.5;9.3
1 ère;550;103.7;83.0;77.8;72.6;67.4;62.3;51.9;41.5;31.2;26.0;20.8;10.4
1 ère;885;148.6;118.9;111.5;104.1;96.6;89.2;74.3;59.5;44.6;37.2;29.8;14.9
1 ère;945;155.4;124.4;116.6;108.8;101.1;93.3;77.7;62.2;46.7;38.9;31.1;15.6
1 ère;995;161.1;128.9;120.9;112.8;104.8;96.7;80.6;64.5;48.4;40.3;32.3;16.2
1 ère;1080;170.7;136.6;128.1;119.5;111.0;102.5;85.4;68.3;51.3;42.7;34.2;17.1
1 ère;1140;177.5;142.0;133.2;124.3;115.4;106.5;88.8;71.0;53.3;44.4;35.5;17.8
1 ère;1260;191.1;152.9;143.4;133.8;124.3;114.7;95.6;76.5;57.4;47.8;38.3;19.2
2 nde;29;6.6;5.3;5.0;4.7;4.3;4.0;3.3;2.7;2.0;1.7000000000000002;1.4;1.2
2 nde;92;16.6;13.3;12.5;11.7;10.8;10.0;8.3;6.7;5.0;4.2;3.4;1.7000000000000002
2 nde;109;19.2;15.4;14.4;13.5;12.5;11.6;9.6;7.7;5.8;4.8;3.9;2.0
2 nde;121;21.4;17.2;16.1;15.0;14.0;12.9;10.7;8.6;6.5;5.4;4.3;2.2
2 nde;147;25.1;20.1;18.9;17.6;16.4;15.1;12.6;10.1;7.6;6.3;5.1;2.6
2 nde;148;25.2;20.2;18.9;17.7;16.4;15.2;12.6;10.1;7.6;6.3;5.1;2.6
2 nde;154;26.5;21.2;19.9;18.6;17.3;15.9;13.3;10.6;8.0;6.7;5.3;2.7
2 nde;181;29.7;23.8;22.3;20.8;19.3;17.9;14.9;11.9;9.0;7.5;6.0;3.0
2 nde;258;39.0;31.2;29.3;27.3;25.4;23.4;19.5;15.6;11.7;9.8;7.8;3.9
2 nde;268;40.2;32.2;30.2;28.2;26.2;24.2;20.1;16.1;12.1;10.1;8.1;4.1
2 nde;275;41.0;32.8;30.8;28.7;26.7;24.6;20.5;16.4;12.3;10.3;8.2;4.1
2 nde;333;48.0;38.4;36.0;33.6;31.2;28.8;24.0;19.2;14.4;12.0;9.6;4.8
2 nde;358;50.6;40.5;38.0;35.5;32.9;30.4;25.3;20.3;15.2;12.7;10.2;5.1
2 nde;408;55.7;44.6;41.8;39.0;36.2;33.5;27.9;22.3;16.8;14.0;11.2;5.6
2 nde;490;64.2;51.4;48.2;45.0;41.8;38.6;32.1;25.7;19.3;16.1;12.9;6.5
2 nde;515;65.9;52.8;49.5;46.2;42.9;39.6;33.0;26.4;19.8;16.5;13.2;6.6
2 nde;620;75.6;60.5;56.7;53.0;49.2;45.4;37.8;30.3;22.7;18.9;15.2;7.6
2 nde;755;88.0;70.4;66.0;61.6;57.2;52.8;44.0;35.2;26.4;22.0;17.6;8.8
2 nde;945;103.6;82.9;77.7;72.6;67.4;62.2;51.8;41.5;31.1;25.9;20.8;10.4
2 nde;1020;109.3;87.5;82.0;76.6;71.1;65.6;54.7;43.8;32.8;27.4;21.9;11.0
2 nde;1090;114.5;91.6;85.9;80.2;74.5;68.7;57.3;45.8;34.4;28.7;22.9;11.5
1 ère;14;5.3;4.3;4.0;3.8;3.5;3.2;2.7;2.2;1.8;1.8;1.8;1.8
1 ère;29;9.8;7.9;7.4;6.9;6.4;5.9;4.9;4.0;3.0;2.5;2.0;1.8
1 ère;38;12.3;9.9;9.3;8.7;8.0;7.4;6.2;5.0;3.7;3.1;2.5;1.8
1 ère;85;23.4;18.8;17.6;16.4;15.3;14.1;11.7;9.4;7.1;5.9;4.7;2.4
1 ère;142;36.5;29.2;27.4;25.6;23.8;21.9;18.3;14.6;11.0;9.2;7.3;3.7
1 ère;180;44.4;35.6;33.3;31.1;28.9;26.7;22.2;17.8;13.4;11.1;8.9;4.5
1 ère;185;45.3;36.3;34.0;31.8;29.5;27.2;22.7;18.2;13.6;11.4;9.1;4.6
1 ère;191;46.4;37.2;34.8;32.5;30.2;27.9;23.2;18.6;14.0;11.6;9.3;4.7
1 ère;243;55.8;44.7;41.9;39.1;36.3;33.5;27.9;22.4;16.8;14.0;11.2;5.6
1 ère;279;62.3;49.9;46.8;43.7;40.5;37.4;31.2;25.0;18.7;15.6;12.5;6.3
1 ère;291;64.5;51.6;48.4;45.2;42.0;38.7;32.3;25.8;19.4;16.2;12.9;6.5
1 ère;331;71.7;57.4;53.8;50.2;46.6;43.1;35.9;28.7;21.6;18.0;14.4;7.2
1 ère;342;73.4;58.8;55.1;51.4;47.8;44.1;36.7;29.4;22.1;18.4;14.7;7.4
1 ère;371;77.8;62.3;58.4;54.5;50.6;46.7;38.9;31.2;23.4;19.5;15.6;7.8
1 ère;392;81.1;64.9;60.9;56.8;52.8;48.7;40.6;32.5;24.4;20.3;16.3;8.2
1 ère;417;84.9;68.0;63.7;59.5;55.2;51.0;42.5;34.0;25.5;21.3;17.0;8.5
1 ère;457;91.1;72.9;68.4;63.8;59.3;54.7;45.6;36.5;27.4;22.8;18.3;9.2
1 ère;483;95.1;76.1;71.4;66.6;61.9;57.1;47.6;38.1;28.6;23.8;19.1;9.6
1 ère;575;107.2;85.8;80.4;75.1;69.7;64.4;53.6;42.9;32.2;26.8;21.5;10.8
1 ère;755;132.0;105.6;99.0;92.4;85.8;79.2;66.0;52.8;39.6;33.0;26.4;13.2
1 ère;870;146.9;117.6;110.2;102.9;95.5;88.2;73.5;58.8;44.1;36.8;29.4;14.7
1 ère;1280;193.4;154.8;145.1;135.4;125.8;116.1;96.7;77.4;58.1;48.4;38.7;19.4
2 nde;30;6.8;5.5;5.1;4.8;4.5;4.1;3.4;2.8;2.1;1.7000000000000002;1.4;1.2
2 nde;82;15.1;12.1;11.4;10.6;9.9;9.1;7.6;6.1;4.6;3.8;3.1;1.6
2 nde;125;21.9;17.6;16.5;15.4;14.3;13.2;11.0;8.8;6.6;5.5;4.4;2.2
2 nde;135;23.4;18.8;17.6;16.4;15.3;14.1;11.7;9.4;7.1;5.9;4.7;2.4
2 nde;149;25.4;20.4;19.1;17.8;16.6;15.3;12.7;10.2;7.7;6.4;5.1;2.6
2 nde;178;29.4;23.6;22.1;20.6;19.2;17.7;14.7;11.8;8.9;7.4;5.9;3.0
2 nde;193;31.2;25.0;23.4;21.9;20.3;18.8;15.6;12.5;9.4;7.8;6.3;3.2
2 nde;208;32.9;26.4;24.7;23.1;21.4;19.8;16.5;13.2;9.9;8.3;6.6;3.3
2 nde;217;34.0;27.2;25.5;23.8;22.1;20.4;17.0;13.6;10.2;8.5;6.8;3.4
2 nde;222;34.6;27.7;26.0;24.3;22.5;20.8;17.3;13.9;10.4;8.7;7.0;3.5
2 nde;223;34.8;27.9;26.1;24.4;22.7;20.9;17.4;14.0;10.5;8.7;7.0;3.5
2 nde;239;36.7;29.4;27.6;25.7;23.9;22.1;18.4;14.7;11.1;9.2;7.4;3.7
2 nde;249;37.9;30.4;28.5;26.6;24.7;22.8;19.0;15.2;11.4;9.5;7.6;3.8
2 nde;280;41.6;33.3;31.2;29.2;27.1;25.0;20.8;16.7;12.5;10.4;8.4;4.2
2 nde;324;47.1;37.7;35.4;33.0;30.7;28.3;23.6;18.9;14.2;11.8;9.5;4.8
2 nde;406;55.5;44.4;41.7;38.9;36.1;33.3;27.8;22.2;16.7;13.9;11.1;5.6
2 nde;440;59.0;47.2;44.3;41.3;38.4;35.4;29.5;23.6;17.7;14.8;11.8;5.9
2 nde;489;64.1;51.3;48.1;44.9;41.7;38.5;32.1;25.7;19.3;16.1;12.9;6.5
2 nde;580;71.9;57.6;54.0;50.4;46.8;43.2;36.0;28.8;21.6;18.0;14.4;7.2
2 nde;840;95.7;76.6;71.8;67.0;62.2;57.5;47.9;38.3;28.8;24.0;19.2;9.6
2 nde;875;98.3;78.7;73.8;68.9;63.9;59.0;49.2;39.4;29.5;24.6;19.7;9.9
1 ère;20;6.9;5.6;5.2;4.9;4.5;4.2;3.5;2.8;2.1;1.8;1.8;1.8
1 ère;79;22.0;17.6;16.5;15.4;14.3;13.2;11.0;8.8;6.6;5.5;4.4;2.2
1 ère;96;25.8;20.7;19.4;18.1;16.8;15.5;12.9;10.4;7.8;6.5;5.2;2.6
1 ère;114;30.5;24.4;22.9;21.4;19.9;18.3;15.3;12.2;9.2;7.7;6.1;3.1
1 ère;119;31.6;25.3;23.7;22.2;20.6;19.0;15.8;12.7;9.5;7.9;6.4;3.2
1 ère;154;39.7;31.8;29.8;27.8;25.8;23.9;19.9;15.9;12.0;10.0;8.0;4.0
1 ère;229;53.2;42.6;39.9;37.3;34.6;32.0;26.6;21.3;16.0;13.3;10.7;5.4
1 ère;253;57.6;46.1;43.2;40.4;37.5;34.6;28.8;23.1;17.3;14.4;11.6;5.8
1 ère;286;63.6;50.9;47.7;44.6;41.4;38.2;31.8;25.5;19.1;15.9;12.8;6.4
1 ère;298;65.7;52.6;49.3;46.0;42.7;39.5;32.9;26.3;19.8;16.5;13.2;6.6
1 ère;446;89.4;71.6;67.1;62.6;58.2;53.7;44.7;35.8;26.9;22.4;17.9;9.0
1 ère;474;93.8;75.1;70.4;65.7;61.0;56.3;46.9;37.6;28.2;23.5;18.8;9.4
1 ère;494;96.8;77.5;72.6;67.8;63.0;58.1;48.4;38.8;29.1;24.2;19.4;9.7
1 ère;499;97.6;78.1;73.2;68.4;63.5;58.6;48.8;39.1;29.3;24.4;19.6;9.8
1 ère;650;117.5;94.0;88.2;82.3;76.4;70.5;58.8;47.0;35.3;29.4;23.5;11.8
1 ère;655;118.2;94.6;88.7;82.8;76.9;71.0;59.1;47.3;35.5;29.6;23.7;11.9
1 ère;680;121.7;97.4;91.3;85.2;79.1;73.1;60.9;48.7;36.6;30.5;24.4;12.2
1 ère;740;130.0;104.0;97.5;91.0;84.5;78.0;65.0;52.0;39.0;32.5;26.0;13.0
1 ère;925;153.1;122.5;114.9;107.2;99.6;91.9;76.6;61.3;46.0;38.3;30.7;15.4
1 ère;990;160.5;128.4;120.4;112.4;104.4;96.3;80.3;64.2;48.2;40.2;32.1;16.1
2 nde;34;7.5;6.0;5.7;5.3;4.9;4.5;3.8;3.0;2.3;1.9;1.5;1.2
2 nde;69;13.2;10.6;9.9;9.3;8.6;8.0;6.6;5.3;4.0;3.3;2.7;1.4
2 nde;111;19.9;16.0;15.0;14.0;13.0;12.0;10.0;8.0;6.0;5.0;4.0;2.0
2 nde;139;23.9;19.2;18.0;16.8;15.6;14.4;12.0;9.6;7.2;6.0;4.8;2.4
2 nde;144;24.6;19.7;18.5;17.3;16.0;14.8;12.3;9.9;7.4;6.2;5.0;2.5
2 nde;146;24.9;20.0;18.7;17.5;16.2;15.0;12.5;10.0;7.5;6.3;5.0;2.5
2 nde;176;29.1;23.3;21.9;20.4;19.0;17.5;14.6;11.7;8.8;7.3;5.9;3.0
2 nde;177;29.2;23.4;21.9;20.5;19.0;17.6;14.6;11.7;8.8;7.3;5.9;3.0
2 nde;195;31.4;25.2;23.6;22.0;20.5;18.9;15.7;12.6;9.5;7.9;6.3;3.2
2 nde;207;32.8;26.3;24.6;23.0;21.4;19.7;16.4;13.2;9.9;8.2;6.6;3.3
2 nde;213;33.5;26.8;25.2;23.5;21.8;20.1;16.8;13.4;10.1;8.4;6.7;3.4
2 nde;271;40.6;32.5;30.5;28.5;26.4;24.4;20.3;16.3;12.2;10.2;8.2;4.1
2 nde;278;41.4;33.2;31.1;29.0;27.0;24.9;20.7;16.6;12.5;10.4;8.3;4.2
2 nde;309;45.5;36.4;34.2;31.9;29.6;27.3;22.8;18.2;13.7;11.4;9.1;4.6
2 nde;334;48.1;38.5;36.1;33.7;31.3;28.9;24.1;19.3;14.5;12.1;9.7;4.9
2 nde;403;55.2;44.2;41.4;38.7;35.9;33.2;27.6;22.1;16.6;13.8;11.1;5.6
2 nde;444;59.4;47.6;44.6;41.6;38.7;35.7;29.7;23.8;17.9;14.9;11.9;6.0
2 nde;595;73.3;58.7;55.0;51.4;47.7;44.0;36.7;29.4;22.0;18.4;14.7;7.4
2 nde;625;76.0;60.8;57.0;53.2;49.4;45.6;38.0;30.4;22.8;19.0;15.2;7.6
2 nde;635;77.0;61.6;57.8;53.9;50.1;46.2;38.5;30.8;23.1;19.3;15.4;7.7
2 nde;680;81.1;64.9;60.9;56.8;52.8;48.7;40.6;32.5;24.4;20.3;16.3;8.2
2 nde;700;83.0;66.4;62.3;58.1;54.0;49.8;41.5;33.2;24.9;20.8;16.6;8.3
2 nde;770;89.4;71.6;67.1;62.6;58.2;53.7;44.7;35.8;26.9;22.4;17.9;9.0
2 nde;940;103.2;82.6;77.4;72.3;67.1;62.0;51.6;41.3;31.0;25.8;20.7;10.4
1 ère;17;5.9;4.8;4.5;4.2;3.9;3.6;3.0;2.4;1.8;1.8;1.8;1.8
1 ère;67;19.3;15.5;14.5;13.6;12.6;11.6;9.7;7.8;5.8;4.9;3.9;2.0
1 ère;123;32.5;26.0;24.4;22.8;21.2;19.5;16.3;13.0;9.8;8.2;6.5;3.3
1 ère;136;35.2;28.2;26.4;24.7;22.9;21.2;17.6;14.1;10.6;8.8;7.1;3.6
1 ère;139;35.9;28.8;27.0;25.2;23.4;21.6;18.0;14.4;10.8;9.0;7.2;3.6
1 ère;159;40.6;32.5;30.5;28.5;26.4;24.4;20.3;16.3;12.2;10.2;8.2;4.1
1 ère;179;44.2;35.4;33.2;31.0;28.8;26.6;22.1;17.7;13.3;11.1;8.9;4.5
1 ère;222;51.9;41.6;39.0;36.4;33.8;31.2;26.0;20.8;15.6;13.0;10.4;5.2
1 ère;276;61.7;49.4;46.3;43.2;40.1;37.1;30.9;24.7;18.6;15.5;12.4;6.2
1 ère;313;68.9;55.2;51.7;48.3;44.8;41.4;34.5;27.6;20.7;17.3;13.8;6.9
1 ère;327;71.0;56.8;53.3;49.7;46.2;42.6;35.5;28.4;21.3;17.8;14.2;7.1
1 ère;328;71.2;57.0;53.4;49.9;46.3;42.8;35.6;28.5;21.4;17.8;14.3;7.2
1 ère;347;74.1;59.3;55.6;51.9;48.2;44.5;37.1;29.7;22.3;18.6;14.9;7.5
1 ère;350;74.6;59.7;56.0;52.3;48.5;44.8;37.3;29.9;22.4;18.7;15.0;7.5
1 ère;358;75.8;60.7;56.9;53.1;49.3;45.5;37.9;30.4;22.8;19.0;15.2;7.6
1 ère;391;80.9;64.8;60.7;56.7;52.6;48.6;40.5;32.4;24.3;20.3;16.2;8.1
1 ère;427;86.5;69.2;64.9;60.6;56.3;51.9;43.3;34.6;26.0;21.7;17.3;8.7
1 ère;432;87.3;69.9;65.5;61.2;56.8;52.4;43.7;35.0;26.2;21.9;17.5;8.8
1 ère;449;89.9;72.0;67.5;63.0;58.5;54.0;45.0;36.0;27.0;22.5;18.0;9.0
1 ère;455;90.8;72.7;68.1;63.6;59.1;54.5;45.4;36.4;27.3;22.7;18.2;9.1
1 ère;491;96.4;77.2;72.3;67.5;62.7;57.9;48.2;38.6;29.0;24.1;19.3;9.7
1 ère;560;105.1;84.1;78.9;73.6;68.4;63.1;52.6;42.1;31.6;26.3;21.1;10.6
1 ère;600;110.6;88.5;83.0;77.5;71.9;66.4;55.3;44.3;33.2;27.7;22.2;11.1
1 ère;830;142.4;114.0;106.8;99.7;92.6;85.5;71.2;57.0;42.8;35.6;28.5;14.3
1 ère;840;143.5;114.8;107.7;100.5;93.3;86.1;71.8;57.4;43.1;35.9;28.7;14.4
1 ère;965;157.7;126.2;118.3;110.4;102.5;94.7;78.9;63.1;47.4;39.5;31.6;15.8
1 ère;1090;171.8;137.5;128.9;120.3;111.7;103.1;85.9;68.8;51.6;43.0;34.4;17.2
2 nde;13;3.3;2.7;2.5;2.4;2.2;2.0;1.7000000000000002;1.4;1.2;1.2;1.2;1.2
2 nde;75;14.1;11.3;10.6;9.9;9.2;8.5;7.1;5.7;4.3;3.6;2.9;1.5
2 nde;140;24.1;19.3;18.1;16.9;15.7;14.5;12.1;9.7;7.3;6.1;4.9;2.5
2 nde;201;32.1;25.7;24.1;22.5;20.9;19.3;16.1;12.9;9.7;8.1;6.5;3.3
2 nde;282;41.9;33.6;31.5;29.4;27.3;25.2;21.0;16.8;12.6;10.5;8.4;4.2
2 nde;284;42.1;33.7;31.6;29.5;27.4;25.3;21.1;16.9;12.7;10.6;8.5;4.3
2 nde;319;46.5;37.2;34.9;32.6;30.3;27.9;23.3;18.6;14.0;11.7;9.3;4.7
2 nde;348;49.5;39.6;37.2;34.7;32.2;29.7;24.8;19.8;14.9;12.4;9.9;5.0
2 nde;432;58.2;46.6;43.7;40.8;37.9;35.0;29.1;23.3;17.5;14.6;11.7;5.9
2 nde;438;58.8;47.1;44.1;41.2;38.3;35.3;29.4;23.6;17.7;14.7;11.8;5.9
2 nde;473;62.4;50.0;46.8;43.7;40.6;37.5;31.2;25.0;18.8;15.6;12.5;6.3
2 nde;725;85.3;68.3;64.0;59.8;55.5;51.2;42.7;34.2;25.6;21.4;17.1;8.6
2 nde;1110;116.0;92.8;87.0;81.2;75.4;69.6;58.0;46.4;34.8;29.0;23.2;11.6
1 ère;9;3.8;3.1;2.9;2.7;2.5;2.3;1.9;1.8;1.8;1.8;1.8;1.8
1 ère;10;4.1;3.3;3.1;2.9;2.7;2.5;2.1;1.8;1.8;1.8;1.8;1.8
1 ère;39;12.5;10.0;9.4;8.8;8.2;7.5;6.3;5.0;3.8;3.2;2.5;1.8
1 ère;92;24.9;20.0;18.7;17.5;16.2;15.0;12.5;10.0;7.5;6.3;5.0;2.5
1 ère;99;26.5;21.2;19.9;18.6;17.3;15.9;13.3;10.6;8.0;6.7;5.3;2.7
1 ère;109;28.7;23.0;21.6;20.1;18.7;17.3;14.4;11.5;8.7;7.2;5.8;2.9
1 ère;117;31.2;25.0;23.4;21.9;20.3;18.8;15.6;12.5;9.4;7.8;6.3;3.2
1 ère;140;36.1;28.9;27.1;25.3;23.5;21.7;18.1;14.5;10.9;9.1;7.3;3.7
1 ère;201;48.1;38.5;36.1;33.7;31.3;28.9;24.1;19.3;14.5;12.1;9.7;4.9
1 ère;215;50.7;40.6;38.1;35.5;33.0;30.5;25.4;20.3;15.3;12.7;10.2;5.1
1 ère;228;53.0;42.4;39.8;37.1;34.5;31.8;26.5;21.2;15.9;13.3;10.6;5.3
1 ère;282;62.8;50.3;47.1;44.0;40.9;37.7;31.4;25.2;18.9;15.7;12.6;6.3
1 ère;292;64.6;51.7;48.5;45.3;42.0;38.8;32.3;25.9;19.4;16.2;13.0;6.5
1 ère;301;67.0;53.6;50.3;46.9;43.6;40.2;33.5;26.8;20.1;16.8;13.4;6.7
1 ère;333;72.0;57.6;54.0;50.4;46.8;43.2;36.0;28.8;21.6;18.0;14.4;7.2
1 ère;353;75.1;60.1;56.4;52.6;48.9;45.1;37.6;30.1;22.6;18.8;15.1;7.6
1 ère;393;81.2;65.0;60.9;56.9;52.8;48.8;40.6;32.5;24.4;20.3;16.3;8.2
1 ère;437;88.0;70.4;66.0;61.6;57.2;52.8;44.0;35.2;26.4;22.0;17.6;8.8
1 ère;438;88.2;70.6;66.2;61.8;57.4;53.0;44.1;35.3;26.5;22.1;17.7;8.9
1 ère;468;92.8;74.3;69.6;65.0;60.4;55.7;46.4;37.2;27.9;23.2;18.6;9.3
1 ère;469;93.0;74.4;69.8;65.1;60.5;55.8;46.5;37.2;27.9;23.3;18.6;9.3
1 ère;476;94.1;75.3;70.6;65.9;61.2;56.5;47.1;37.7;28.3;23.6;18.9;9.5
1 ère;485;95.4;76.4;71.6;66.8;62.1;57.3;47.7;38.2;28.7;23.9;19.1;9.6
1 ère;500;96.8;77.5;72.6;67.8;63.0;58.1;48.4;38.8;29.1;24.2;19.4;9.7
1 ère;540;102.3;81.9;76.8;71.7;66.5;61.4;51.2;41.0;30.7;25.6;20.5;10.3
1 ère;640;116.2;93.0;87.2;81.4;75.6;69.8;58.1;46.5;34.9;29.1;23.3;11.7
